file,private_vb,that_del,contract,vb_present,pro_2,do_pro,pro_dem,emphatic,pro_1,pro_it,vb_be,sub_conj_caus,disc_particle,pro_nom,hedge,amplifr,wh_ques,mod_poss,coord_conj_cls,wh_cls,prep_final,nn_all,prep,jj_attr,vb_past,pro_3,vb_perfect,vb_public,wh_rel_obj,wh_rel_subj,wh_rel_pipe,coord_conj_phrs,nn_nom,adv_time,adv_place,adv,infinitive,mod_pred,vb_suasive,sub_conj_cond,mod_necess,split_aux,conj_advl,passive_short,passive_by,passive_postnom,sub_conj_othr,th_vb,adv_down,jj_pred,mod_all,conj_all,passive_all,wh_all,wh_rel_all,jj_all,pro_all,vb_have,vb_all,vb_progress,that_rel,wh_comm_vb,wh_att_vb,wh_fact_vb,wh_likely_vb,comm_vb_other,att_vb_other,fact_vb_other,likely_vb_other,jj_att_pred,jj_epist_pred,jj_att_other,jj_epist_other,nn_stance_pp,det_nn_stance,nn_stance_other,all_indef_art,all_def_art,nn_stance_new,nn_common,nn_proper,nn_premod,,,,,,,,,,,,,,,,,,,,,th_vb_comm,th_vb_att,th_vb_fact,th_vb_likely,th_jj_att,th_jj_fact,th_jj_likely,th_nn_nonfact,th_nn_att,th_nn_fact,th_nn_likely,to_vb_speech,to_vb_mental,to_vb_desire,to_vb_effort,to_vb_prob,to_jj_certain,to_jj_able,to_jj_affect,to_jj_ease,to_jj_eval,to_nn_stance_all,advl_nonfact,advl_att,advl_fact,advl_likely,,th_vb_stance_all,th_jj_stance_all,th_nn_stance_all,th_stange_all,to_vb_stance_all,to_jj_stance_all,to_stance_all,advl_stance_all,,,,,,,,,,,,,,ipv_act,tpv_act,tpv_mental,tpv_mental,ipv_occur,pv_copular,pv_aspect,nn_human,nn_process,nn_cog,nn_abstact,nn_concrete,nn_technical,nn_quant,nn_place,nn_group,jj_size,jj_time,jj_color,jj_eval,jj_relation,jj_topic,vb_act,vb_comm,vb_mental,vb_cause,vb_occur,vb_exist,vb_aspect,,dim_1,dim_2,dim_3,dim_4,dim_5,file,tt_ratio,word_length,word_count
or_r2_guide_10_conversation_e_1.txt,0,0,0,97.6,24.4,0,0,0,0,0,0,0,0,0,0,0,0,0,24.4,0,0,585.4,170.7,48.8,0,0,0,0,0,0,0,0,73.2,0,0,0,0,0,0,0,0,0,0,0,0,0,0,0,0,24.4,0,24.4,0,0,0,73.2,24.4,0,97.6,0,0,0,0,0,0,0,0,0,0,24.4,0,24.4,0,0,0,0,24.4,48.8,0,268.3,195.1,97.6,0,0,0,0,0,0,0,0,0,0,0,0,0,0,0,0,0,0,0,0,0,0,0,0,0,0,0,0,0,0,0,0,0,0,0,0,0,0,0,0,0,0,0,0,0,0,0,0,0,0,0,0,0,0,0,0,0,0,0,0,0,0,0,0,0,0,0,0,0,0,0,0,0,0,0,0,24.4,0,48.8,0,0,0,24.4,0,24.4,0,0,0,0,0,48.8,0,24.4,0,0,0,0,0,-26.13,-5.73,6.05,-6.61,-3.63,                         or_r2_guide_10_conversation_e_1.txt,8.8,4.5,41
or_r2_guide_10_conversation_e_2.txt,0,0,25.6,153.8,25.6,0,0,0,25.6,25.6,0,0,0,0,0,0,0,0,0,0,0,282.1,128.2,51.3,0,0,0,51.3,0,0,0,0,0,0,0,76.9,0,51.3,0,25.6,0,0,25.6,25.6,0,0,0,25.6,0,0,51.3,25.6,25.6,0,0,51.3,51.3,0,153.8,0,0,0,0,0,0,25.6,0,25.6,0,0,0,0,0,0,0,0,0,51.3,0,205.1,51.3,25.6,0,0,0,0,0,0,0,0,0,0,0,0,0,0,0,0,0,0,0,0,25.6,0,0,0,0,0,0,0,0,0,0,0,0,0,0,0,0,0,0,0,0,0,0,0,25.6,0,0,25.6,0,0,25.6,0,0,0,25.6,0,0,0,0,0,0,0,0,0,0,0,0,0,0,0,0,0,0,0,0,0,0,0,0,0,0,25.6,0,0,0,0,25.6,0,0,0,0,51.3,0,0,0,0,0,0,-12.49,3.77,-3.4,17.26,16.28,                         or_r2_guide_10_conversation_e_2.txt,8.8,4.2,39
or_r2_guide_11_conversation_j_2.txt,14.5,0,0,101.4,58,0,0,0,0,14.5,0,0,0,0,0,0,0,14.5,0,0,0,231.9,144.9,43.5,0,0,0,14.5,0,0,0,0,0,14.5,0,43.5,29,14.5,0,0,0,0,0,0,0,0,0,0,0,0,29,0,0,0,0,58,58,14.5,130.4,0,0,0,0,0,0,14.5,0,14.5,0,0,0,0,0,0,0,0,29,72.5,0,202.9,29,43.5,0,0,0,0,0,0,0,0,0,0,0,0,0,0,0,0,0,0,0,0,0,0,0,0,0,0,0,0,0,0,0,0,0,0,0,0,0,0,0,0,0,0,0,0,0,0,0,0,0,0,0,0,0,0,0,0,0,0,0,0,0,0,0,0,0,0,0,0,0,29,0,0,0,0,0,0,0,0,0,29,0,43.5,14.5,0,0,0,0,0,0,0,58,0,14.5,0,0,14.5,0,0,-8.59,-3.04,-5.64,-3.15,-3.63,                         or_r2_guide_11_conversation_j_2.txt,12.3,4,69
or_r2_guide_13_conversation_j_1.txt,27,0,0,135.1,54.1,0,27,0,27,0,0,0,0,0,0,0,0,0,0,0,0,270.3,81.1,27,0,0,0,0,0,0,0,0,81.1,0,0,27,0,54.1,0,0,0,0,0,0,0,0,0,0,27,0,54.1,0,0,0,0,54.1,81.1,27,135.1,0,0,0,0,0,0,0,27,0,0,0,0,54.1,0,0,0,0,27,54.1,0,162.2,27,27,0,0,0,0,0,0,0,0,0,0,0,0,0,0,0,0,0,0,0,0,0,0,0,0,0,0,0,0,0,0,0,0,0,0,0,0,0,0,0,0,0,0,0,0,0,0,0,0,0,0,0,0,0,0,0,0,0,0,0,0,0,0,0,0,0,0,0,0,0,0,0,0,0,0,0,0,0,0,0,0,0,27,54.1,27,0,0,0,0,0,27,54.1,0,27,0,0,0,0,0,-4.9,-5.73,5.07,6.26,-3.63,                         or_r2_guide_13_conversation_j_1.txt,7.8,4.4,37
or_r2_guide_15_conversation_j_2.txt,0,0,0,85.7,0,0,0,0,57.1,57.1,0,0,0,0,0,0,0,0,0,0,0,314.3,171.4,57.1,0,28.6,0,0,0,0,0,0,0,0,28.6,85.7,0,0,0,0,0,0,0,0,0,0,0,0,0,0,0,0,0,0,0,57.1,85.7,28.6,85.7,0,0,0,0,0,0,0,0,0,0,0,0,28.6,0,0,0,0,0,57.1,0,200,85.7,0,0,0,0,0,0,0,0,0,0,0,0,0,0,0,0,0,0,0,0,0,0,0,0,0,0,0,0,0,0,0,0,0,0,0,0,0,0,0,0,0,0,0,0,0,28.6,0,0,0,0,0,0,0,0,0,28.6,0,0,0,0,0,0,0,0,0,0,0,0,0,0,0,0,0,0,0,0,0,0,0,0,0,0,0,85.7,0,28.6,0,0,0,0,0,0,0,0,0,0,0,0,0,-16.1,-4.46,-12.3,-6.61,-3.63,                         or_r2_guide_15_conversation_j_2.txt,6.5,4.6,35
or_r2_guide_17_conversation_j_2.txt,20.8,0,0,0,0,0,0,0,0,41.7,0,20.8,0,0,0,0,0,0,0,0,0,250,145.8,20.8,104.2,41.7,0,0,0,0,0,0,62.5,20.8,0,20.8,20.8,0,0,0,0,0,0,20.8,0,0,0,0,0,0,0,20.8,20.8,0,0,41.7,41.7,0,125,20.8,0,0,0,0,0,0,0,20.8,0,0,0,0,0,0,0,0,20.8,104.2,0,145.8,20.8,20.8,0,0,0,0,0,0,0,0,0,0,0,0,0,0,0,0,0,0,0,0,0,0,0,0,0,0,0,0,0,0,0,0,0,0,0,0,0,0,0,0,0,0,0,0,0,0,0,0,0,0,0,0,0,0,0,0,0,0,0,0,0,0,0,0,0,0,0,0,0,0,0,0,0,0,0,0,0,0,0,20.8,0,0,41.7,0,0,0,0,0,0,0,20.8,0,20.8,0,0,0,0,0,-4.24,-0.45,-1.82,-6.61,-0.47,                         or_r2_guide_17_conversation_j_2.txt,9.5,4.7,48
or_r2_guide_20_conversation_j_1.txt,0,0,21.7,152.2,21.7,0,0,21.7,0,65.2,21.7,0,0,0,0,0,0,0,0,0,0,195.7,130.4,43.5,0,21.7,0,0,0,0,0,0,0,0,21.7,43.5,0,21.7,0,21.7,0,0,0,0,0,0,21.7,0,0,0,21.7,43.5,0,0,0,43.5,43.5,0,152.2,0,0,0,0,0,0,0,0,0,0,0,0,43.5,0,0,0,0,43.5,43.5,0,130.4,0,0,0,0,0,0,0,0,0,0,0,0,0,0,0,0,0,0,0,0,0,0,0,0,0,0,0,0,0,0,0,0,0,0,0,0,0,0,0,0,0,0,0,0,21.7,0,0,0,0,0,0,0,0,0,0,0,21.7,0,0,0,0,0,0,0,0,0,0,0,0,0,0,0,0,0,0,0,0,0,0,0,0,21.7,0,21.7,21.7,0,0,0,0,0,0,0,21.7,0,0,0,0,21.7,0,0,2.71,-4.76,-7.89,8.45,-3.63,                         or_r2_guide_20_conversation_j_1.txt,10,3.8,46
or_r2_guide_21_conversation_j_3.txt,0,0,0,129,0,0,0,0,0,0,0,0,0,0,0,16.1,0,0,0,0,0,338.7,64.5,129,16.1,16.1,0,0,0,0,0,0,64.5,0,16.1,0,0,0,0,0,0,0,0,0,0,0,0,0,0,0,0,0,0,0,0,177.4,16.1,16.1,145.2,0,32.3,0,0,0,0,0,0,0,0,32.3,0,16.1,0,0,0,0,64.5,16.1,0,225.8,32.3,80.6,0,0,0,0,0,0,0,0,0,0,0,0,0,0,0,0,0,0,0,0,0,0,0,0,0,0,0,0,0,0,0,0,0,0,0,0,0,0,0,0,0,0,0,0,0,0,0,0,0,0,0,0,0,0,0,0,0,0,0,0,0,0,0,0,0,0,0,0,0,0,0,0,0,0,0,0,0,0,16.1,16.1,0,0,32.3,0,16.1,0,0,16.1,0,0,0,16.1,0,0,0,0,0,0,-19.69,-4.48,0.71,-6.61,-3.63,                         or_r2_guide_21_conversation_j_3.txt,11.8,4.8,62
or_r2_guide_24_conversation_j_3.txt,0,0,0,114.3,0,0,0,0,28.6,0,57.1,0,0,0,0,0,0,0,0,0,0,457.1,0,142.9,0,0,0,0,0,0,0,0,57.1,0,0,28.6,0,57.1,28.6,0,0,0,0,0,0,0,0,0,0,0,57.1,0,0,0,0,142.9,28.6,0,114.3,0,0,0,0,0,0,28.6,0,0,0,28.6,0,57.1,0,0,0,0,0,57.1,0,285.7,114.3,142.9,0,0,0,0,0,0,0,0,0,0,0,0,0,0,0,0,0,0,0,0,0,0,0,0,0,0,0,0,0,0,0,0,0,0,0,0,0,0,0,0,0,0,0,0,0,0,0,0,0,0,0,0,0,0,0,0,0,0,0,0,0,0,0,0,0,0,0,0,0,0,0,0,0,0,0,0,0,0,28.6,0,0,0,57.1,0,0,0,0,28.6,0,0,0,28.6,0,0,0,0,0,0,-21.15,-5.73,3.32,16.22,-3.63,                         or_r2_guide_24_conversation_j_3.txt,8.3,5,35
or_r2_guide_3_conversation_a_2.txt,0,0,27.8,83.3,27.8,0,0,0,0,0,0,0,0,0,0,0,0,0,0,0,0,361.1,138.9,83.3,0,0,0,0,0,0,0,0,27.8,0,27.8,55.6,0,0,0,27.8,0,0,0,0,0,27.8,0,0,27.8,0,0,27.8,27.8,0,0,83.3,27.8,0,111.1,0,0,0,0,0,0,0,0,0,0,0,0,27.8,0,0,0,0,0,55.6,0,194.4,55.6,55.6,0,0,0,0,0,0,0,0,0,0,0,0,0,0,0,0,0,0,0,0,0,0,0,0,0,0,0,0,0,0,0,0,0,0,0,0,0,0,0,0,0,0,0,0,0,0,0,0,0,0,0,0,0,0,0,0,0,0,0,0,0,0,0,0,0,0,0,0,0,0,0,0,0,0,0,0,0,27.8,0,27.8,0,0,0,0,0,0,0,0,27.8,0,0,0,0,0,0,0,0,0,-23.59,-5.73,-8.42,6.02,5.33,                          or_r2_guide_3_conversation_a_2.txt,8.3,4.3,36
or_r2_guide_4_conversation_e_2.txt,0,0,0,148.1,0,0,0,37,0,37,0,0,0,0,0,0,0,0,0,0,0,296.3,111.1,37,0,0,0,0,0,0,0,0,111.1,0,0,74.1,0,0,0,0,0,0,0,0,0,0,0,0,0,0,0,0,0,0,0,37,0,37,111.1,0,0,0,0,0,0,0,0,0,0,0,0,0,0,0,0,0,74.1,37,0,74.1,111.1,0,0,0,0,0,0,0,0,0,0,0,0,0,0,0,0,0,0,0,0,0,0,0,0,0,0,0,0,0,0,0,0,0,0,0,0,0,0,0,0,0,0,0,0,0,0,0,0,0,0,0,0,0,0,0,0,0,0,0,0,0,0,0,0,0,0,0,0,0,0,0,0,0,0,0,0,37,0,0,0,0,0,37,74.1,0,0,0,0,0,0,0,0,0,0,0,0,0,0,0,-5.22,-5.73,4.48,-6.61,-3.63,                          or_r2_guide_4_conversation_e_2.txt,6,4.1,27
or_r2_guide_5_conversation_e_2.txt,0,0,0,95.2,0,0,0,0,0,0,0,0,0,0,0,0,0,0,0,0,0,523.8,142.9,47.6,0,0,47.6,0,0,0,0,0,0,0,0,0,0,0,0,0,47.6,0,0,47.6,0,0,0,0,47.6,0,47.6,0,47.6,0,0,47.6,0,0,95.2,0,0,0,0,0,0,0,0,0,0,0,0,0,0,0,0,0,0,47.6,0,190.5,190.5,47.6,0,0,0,0,0,0,0,0,0,0,0,0,0,0,0,0,0,0,0,0,0,0,0,0,0,0,0,0,0,0,0,0,0,0,0,0,0,0,0,0,0,0,0,0,0,0,0,0,0,0,0,0,0,0,0,0,0,0,0,0,0,0,0,0,0,0,0,0,0,0,0,0,0,0,0,0,0,0,0,0,0,0,0,0,0,0,0,0,0,0,0,47.6,0,0,0,0,0,0,-30.36,3.43,0.97,16.07,3.59,                          or_r2_guide_5_conversation_e_2.txt,5.3,4.6,21
or_r2_guide_6_conversation_e_1.txt,36.4,0,18.2,163.6,18.2,0,18.2,0,18.2,0,0,0,0,0,0,0,0,0,0,0,0,327.3,127.3,90.9,36.4,0,0,0,0,0,0,0,36.4,0,0,0,0,0,0,18.2,0,0,0,0,0,0,0,0,0,0,0,18.2,0,0,0,127.3,36.4,18.2,200,0,18.2,0,0,0,0,0,0,18.2,0,0,0,0,0,0,0,0,36.4,72.7,0,200,90.9,0,0,0,0,0,0,0,0,0,0,0,0,0,0,0,0,0,0,0,0,0,0,0,0,0,0,0,0,0,0,0,0,0,0,0,0,0,0,0,0,0,0,0,0,0,0,0,0,0,0,0,0,0,0,0,0,0,0,0,0,0,0,0,0,0,0,0,0,0,0,0,0,0,0,0,0,0,0,0,0,0,0,0,0,0,0,0,0,0,0,0,18.2,0,18.2,18.2,0,0,18.2,0,-14.26,-4.53,3.5,1.66,-3.63,                          or_r2_guide_6_conversation_e_1.txt,11,4.6,55
or_r2_guide_6_conversation_e_2.txt,31.3,0,0,156.3,62.5,0,0,0,0,0,0,0,0,0,0,0,0,62.5,0,0,0,218.8,62.5,31.3,0,31.3,0,0,0,0,0,0,62.5,0,0,0,0,0,0,31.3,0,0,0,0,0,0,0,0,0,31.3,62.5,31.3,0,0,0,125,93.8,0,156.3,0,31.3,0,0,0,0,31.3,0,31.3,0,0,0,0,0,0,0,0,31.3,93.8,0,156.3,0,62.5,0,0,0,0,0,0,0,0,0,0,0,0,0,0,0,0,0,0,0,0,0,0,0,0,0,0,0,0,0,0,0,0,0,0,0,0,0,0,0,0,0,0,0,0,0,0,0,0,0,0,0,0,0,0,0,0,0,0,0,0,0,0,0,0,0,0,0,0,0,0,0,0,0,0,0,0,0,0,0,31.3,0,0,0,0,0,0,0,0,31.3,0,0,31.3,31.3,0,0,31.3,0,0,10.57,-4.34,5.31,7.6,-3.63,                          or_r2_guide_6_conversation_e_2.txt,7,4.2,32
or_r2_guide_7_conversation_e_2.txt,14.9,0,0,59.7,44.8,0,0,0,0,0,0,0,0,0,0,0,0,0,0,0,0,358.2,149.3,14.9,0,0,0,0,0,0,0,0,14.9,0,29.9,44.8,0,0,0,0,0,0,0,14.9,0,14.9,0,14.9,0,0,0,0,29.9,0,0,104.5,44.8,0,89.6,0,0,0,0,0,0,0,0,0,0,0,0,29.9,0,0,0,0,14.9,59.7,0,223.9,89.6,104.5,0,0,0,0,0,0,0,0,0,0,0,0,0,0,0,0,0,0,0,0,0,0,14.9,0,0,0,0,0,0,0,0,0,0,0,0,0,0,0,0,0,0,0,0,0,0,0,0,14.9,0,0,14.9,0,0,0,0,0,0,0,0,0,0,0,0,0,0,0,0,0,0,0,0,0,0,0,0,0,0,0,29.9,44.8,0,29.9,0,0,0,0,0,0,0,0,14.9,0,14.9,0,0,0,0,0,-20.41,-5.73,-9.31,-6.61,3.45,                          or_r2_guide_7_conversation_e_2.txt,12.3,4.6,67
or_r2_guide_7_conversation_e_4.txt,0,0,50,150,25,0,0,0,0,25,0,0,0,0,0,0,0,25,0,0,0,375,175,0,0,0,0,0,0,0,0,0,25,0,50,0,0,0,0,0,0,0,0,0,0,0,0,0,0,0,25,0,0,0,0,75,25,0,150,0,0,0,0,0,0,0,0,0,0,0,0,0,0,0,0,0,25,100,0,150,175,0,0,0,0,0,0,0,0,0,0,0,0,0,0,0,0,0,0,0,0,0,0,0,0,0,0,0,0,0,0,0,0,0,0,0,0,0,0,0,0,0,0,0,0,0,0,0,0,0,0,0,0,0,0,0,0,0,0,0,0,0,0,0,0,0,0,0,0,0,0,0,0,0,0,0,0,0,0,0,0,25,0,0,50,0,0,0,0,0,0,0,50,0,0,25,0,0,0,0,-7.73,-5.73,-12,-6.61,-3.63,                          or_r2_guide_7_conversation_e_4.txt,8,4.5,40
or_r2_guide_8_conversation_e_2.txt,0,0,0,109.1,0,0,0,36.4,0,0,0,0,0,0,0,0,0,0,18.2,0,0,309.1,109.1,54.5,0,18.2,0,0,0,0,0,0,0,18.2,0,36.4,18.2,18.2,0,18.2,0,0,0,36.4,0,0,0,18.2,18.2,0,18.2,36.4,36.4,0,0,72.7,18.2,18.2,127.3,0,0,18.2,0,0,0,0,0,0,0,0,0,0,0,0,0,0,36.4,54.5,0,218.2,72.7,18.2,0,0,0,0,0,0,0,0,0,0,0,0,0,0,0,0,0,0,0,0,0,18.2,0,0,0,0,0,0,0,0,0,0,0,0,0,0,0,0,0,0,0,0,0,0,0,0,0,18.2,0,0,18.2,0,0,0,0,0,0,0,0,0,0,0,0,0,0,0,0,0,0,0,0,0,0,0,0,0,0,0,0,0,0,18.2,18.2,0,0,0,0,0,0,0,18.2,18.2,18.2,36.4,0,0,0,0,-10.02,-4.92,-6.29,5.99,1.88,                          or_r2_guide_8_conversation_e_2.txt,9.8,4.4,55
or_r2_guide_9_conversation_e_2.txt,0,0,0,27,0,0,0,27,0,0,0,0,0,0,0,0,0,0,0,0,0,621.6,81.1,27,0,0,0,0,0,0,0,0,135.1,0,54.1,27,0,0,0,0,0,0,0,0,0,0,0,0,0,0,0,0,0,0,0,27,0,0,27,0,0,0,0,0,0,0,0,0,0,27,0,27,0,0,0,0,27,27,0,189.2,189.2,162.2,0,0,0,0,0,0,0,0,0,0,0,0,0,0,0,0,0,0,0,0,0,0,0,0,0,0,0,0,0,0,0,0,0,0,0,0,0,0,0,0,0,0,0,0,0,0,0,0,0,0,0,0,0,0,0,0,0,0,0,0,0,0,0,0,0,0,0,0,0,0,0,0,0,0,0,0,0,0,0,0,0,27,27,0,0,0,0,27,0,0,0,0,0,0,0,0,0,0,-26.02,-5.73,-7.08,-6.61,-3.63,                          or_r2_guide_9_conversation_e_2.txt,8,5,37
or_r3_guide_1_conversation_a_4.txt,0,0,0,64.5,0,0,0,0,0,32.3,0,0,0,0,0,0,0,0,0,0,0,258.1,129,32.3,0,96.8,0,0,0,0,0,0,0,0,32.3,64.5,0,0,0,0,0,32.3,0,32.3,0,0,0,0,0,0,0,0,32.3,0,0,32.3,96.8,0,64.5,0,0,0,0,0,0,0,0,0,0,0,0,0,0,0,0,0,64.5,0,0,225.8,0,32.3,0,0,0,0,0,0,0,0,0,0,0,0,0,0,0,0,0,0,0,0,0,0,0,0,0,0,0,0,0,0,0,0,0,0,0,0,0,0,0,0,0,0,0,0,0,0,0,0,0,0,0,0,0,0,0,0,0,0,0,0,0,0,0,0,0,0,0,0,0,0,0,0,0,0,0,0,0,0,0,0,0,0,32.3,0,0,0,0,0,0,0,0,0,0,0,0,32.3,0,0,-16.5,-1.43,-12.18,6.3,1.26,                          or_r3_guide_1_conversation_a_4.txt,7.3,4.1,31
or_r3_guide_1_conversation_e_2.txt,0,0,0,78.9,52.6,0,0,0,0,26.3,0,0,0,0,0,0,0,0,0,0,0,236.8,105.3,157.9,0,26.3,0,0,0,0,0,0,52.6,26.3,0,105.3,0,0,0,52.6,0,0,0,0,0,0,0,0,0,0,0,52.6,0,0,0,157.9,78.9,26.3,78.9,0,0,0,0,0,0,0,0,0,0,26.3,0,52.6,0,0,0,0,52.6,0,0,131.6,0,26.3,0,0,0,0,0,0,0,0,0,0,0,0,0,0,0,0,0,0,0,0,0,0,0,0,0,0,0,0,0,0,0,0,0,0,0,0,0,0,0,0,0,0,0,0,0,0,0,0,0,0,0,0,0,0,0,0,0,0,0,0,0,0,0,0,0,0,0,0,0,0,0,0,0,0,0,0,0,0,26.3,26.3,0,26.3,0,0,0,0,0,26.3,0,26.3,0,0,0,0,0,0,0,0,-18.88,-4.56,-8.87,17.32,-3.63,                          or_r3_guide_1_conversation_e_2.txt,8.3,4.3,38
or_r3_guide_11_conversation_a_5.txt,0,0,0,129.6,74.1,0,0,18.5,18.5,18.5,0,0,0,0,0,0,0,37,0,0,0,185.2,74.1,74.1,0,0,0,0,0,0,0,0,0,18.5,18.5,37,0,18.5,18.5,0,0,37,0,18.5,0,0,18.5,0,0,18.5,55.6,18.5,18.5,0,0,111.1,92.6,0,148.1,18.5,18.5,0,0,0,0,18.5,0,0,0,0,0,37,0,0,0,0,18.5,55.6,0,111.1,0,18.5,0,0,0,0,0,0,0,0,0,0,0,0,0,0,0,0,0,0,0,0,0,0,0,0,0,0,0,0,0,0,0,0,0,0,0,0,0,0,0,0,0,0,0,0,18.5,0,0,0,0,0,0,0,0,0,18.5,0,0,0,0,0,0,0,0,0,0,0,0,0,0,0,0,0,0,0,0,0,0,0,18.5,18.5,0,18.5,74.1,0,0,0,0,0,18.5,18.5,55.6,18.5,0,0,0,18.5,0,0,6.35,-5.73,-11.87,18.59,-0.82,                         or_r3_guide_11_conversation_a_5.txt,10.8,4.1,54
or_r3_guide_13_conversation_a_3.txt,20.4,0,0,81.6,0,20.4,0,0,40.8,0,0,0,0,0,0,0,0,0,0,0,0,367.3,102,40.8,20.4,20.4,0,0,0,0,0,0,40.8,0,20.4,20.4,0,0,0,0,0,0,0,0,0,0,0,0,0,0,0,0,0,0,0,40.8,61.2,0,102,0,0,0,0,0,0,0,0,20.4,0,0,0,0,0,0,0,0,20.4,81.6,0,183.7,122.4,20.4,0,0,0,0,0,0,0,0,0,0,0,0,0,0,0,0,0,0,0,0,0,0,0,0,0,0,0,0,0,0,0,0,0,0,0,0,0,0,0,0,0,0,0,0,0,0,0,0,0,0,0,0,0,0,0,0,0,0,0,0,0,0,0,0,0,0,0,0,0,0,0,0,0,0,0,0,0,0,0,0,0,20.4,40.8,0,0,0,0,0,0,20.4,0,0,0,0,0,20.4,0,0,-15.07,-4.15,-3.35,-6.61,-3.63,                         or_r3_guide_13_conversation_a_3.txt,10,4.6,49
or_r3_guide_15_conversation_e_2.txt,0,0,0,73.2,0,0,0,0,0,0,0,0,0,0,0,0,0,0,0,0,0,487.8,97.6,73.2,0,0,0,0,0,0,0,0,146.3,0,0,97.6,0,0,0,0,0,0,0,0,0,0,0,0,0,0,0,0,0,0,0,97.6,0,0,97.6,0,0,0,0,0,0,0,0,0,0,24.4,0,48.8,0,0,0,0,0,0,0,170.7,48.8,73.2,0,0,0,0,0,0,0,0,0,0,0,0,0,0,0,0,0,0,0,0,0,0,0,0,0,0,0,0,0,0,0,0,0,0,0,0,0,0,0,0,0,0,0,0,0,0,0,0,0,0,0,0,0,0,0,0,0,0,0,0,0,0,0,0,0,0,0,0,0,0,0,0,0,0,0,0,24.4,0,0,24.4,0,0,0,0,0,0,0,24.4,0,0,0,0,0,0,0,0,24.4,0,-30.34,-5.73,5.59,-6.61,-3.63,                         or_r3_guide_15_conversation_e_2.txt,8.5,4.9,41
or_r3_guide_16_conversation_a_1.txt,20,0,0,100,20,0,0,20,20,20,0,0,0,20,0,0,0,20,0,0,0,160,60,80,0,0,20,0,0,0,0,20,40,0,20,120,20,20,20,0,0,40,0,40,0,0,0,0,20,0,40,20,40,0,0,80,40,0,160,0,0,0,0,0,0,20,0,20,0,0,0,0,0,0,0,0,20,20,0,80,20,0,0,0,0,0,0,0,0,0,0,0,0,0,0,0,0,0,0,0,0,0,0,0,0,0,0,0,0,0,0,0,0,0,0,0,0,0,0,0,0,0,0,0,0,0,0,0,0,0,0,0,0,0,0,0,0,0,0,0,0,0,0,0,0,0,0,0,0,0,0,0,0,0,0,0,0,0,0,0,0,0,0,40,0,0,0,0,0,0,0,20,40,20,20,0,0,40,20,0,7.76,-1.88,-1.54,20.61,2.43,                         or_r3_guide_16_conversation_a_1.txt,11,5.1,50
or_r3_guide_16_conversation_e_2.txt,0,0,0,51.7,17.2,0,0,17.2,0,34.5,0,0,0,0,0,0,0,0,0,0,0,362.1,172.4,86.2,0,0,0,0,0,0,0,0,34.5,0,17.2,17.2,0,0,0,0,0,0,0,0,0,0,0,0,0,0,0,0,0,0,0,86.2,17.2,0,69,17.2,0,0,0,0,0,0,0,0,0,0,0,0,0,0,0,0,34.5,86.2,0,241.4,51.7,51.7,0,0,0,0,0,0,0,0,0,0,0,0,0,0,0,0,0,0,0,0,0,0,0,0,0,0,0,0,0,0,0,0,0,0,0,0,0,0,0,0,0,0,0,0,0,0,0,0,0,0,0,0,0,0,0,0,0,0,0,0,0,0,0,0,0,0,0,0,0,0,0,0,0,0,0,0,0,0,34.5,51.7,17.2,34.5,0,0,0,0,0,0,0,0,0,0,0,0,0,0,0,0,-19.15,-5.73,-2.68,-6.61,-3.63,                         or_r3_guide_16_conversation_e_2.txt,10.5,4.2,58
or_r3_guide_18_conversation_j_3.txt,0,0,0,131.6,52.6,26.3,26.3,0,0,0,0,0,0,0,0,0,0,78.9,0,0,0,236.8,78.9,52.6,0,0,0,0,0,0,0,0,0,0,0,26.3,0,0,0,0,0,0,0,26.3,0,26.3,0,0,0,0,78.9,0,52.6,0,0,52.6,52.6,0,131.6,0,52.6,0,0,0,0,26.3,0,26.3,0,0,0,0,0,0,0,0,0,78.9,0,157.9,26.3,78.9,0,0,0,0,0,0,0,0,0,0,0,0,0,0,0,0,0,0,0,0,0,0,0,0,0,0,0,0,0,0,0,0,0,0,0,0,0,0,0,0,0,0,0,0,0,0,0,0,0,0,0,0,0,0,0,0,0,0,0,0,0,0,0,0,0,0,0,0,0,26.3,0,0,0,0,0,0,0,0,0,0,26.3,26.3,0,0,0,0,0,0,0,0,52.6,0,0,0,0,0,0,0,21.99,-5.73,-0.52,-6.61,8.85,                         or_r3_guide_18_conversation_j_3.txt,7,4,38
or_r3_guide_19_conversation_e_3.txt,0,0,0,131.6,26.3,0,26.3,0,26.3,26.3,0,0,0,0,0,0,0,0,0,0,0,184.2,78.9,52.6,26.3,0,0,0,0,0,0,0,26.3,0,0,26.3,26.3,26.3,26.3,26.3,0,0,0,0,0,0,26.3,0,0,26.3,26.3,52.6,0,0,0,78.9,52.6,26.3,157.9,0,0,0,0,0,0,26.3,0,0,0,0,0,0,0,0,0,0,52.6,52.6,0,105.3,26.3,0,0,0,0,0,0,0,0,0,0,0,0,0,0,0,0,0,0,0,0,0,0,0,0,0,0,0,0,0,0,0,0,0,0,26.3,0,0,0,0,0,0,0,0,0,0,0,0,0,0,0,0,0,26.3,0,26.3,0,0,0,0,0,0,0,0,0,0,0,0,0,0,0,0,0,0,0,0,0,0,0,0,26.3,0,0,0,0,0,26.3,0,0,0,0,0,0,26.3,26.3,0,0,26.3,0,0,-4.06,-4.86,1.31,20.11,-3.63,                         or_r3_guide_19_conversation_e_3.txt,8.3,4.1,38
or_r3_guide_2_conversation_a_1.txt,21.7,0,21.7,152.2,0,0,0,0,0,21.7,0,0,0,21.7,0,0,0,0,0,0,0,282.6,108.7,87,21.7,21.7,0,0,0,21.7,0,0,21.7,0,0,0,21.7,21.7,21.7,0,0,0,0,0,0,0,0,0,0,0,21.7,0,0,0,21.7,87,21.7,21.7,152.2,0,0,0,0,0,0,21.7,21.7,0,0,0,0,43.5,0,0,0,0,43.5,21.7,0,173.9,65.2,21.7,0,0,0,0,0,0,0,0,0,0,0,0,0,0,0,0,0,0,0,0,0,0,0,0,0,0,0,0,0,0,0,0,0,0,0,0,0,0,0,0,0,0,0,0,0,0,0,0,0,0,0,0,0,0,0,0,0,0,0,0,0,0,0,0,0,0,0,0,0,0,0,0,0,0,0,0,0,0,21.7,21.7,0,0,43.5,0,0,0,21.7,21.7,0,0,0,21.7,21.7,0,0,0,0,0,-5.24,-4.05,13.35,5.58,-3.63,                          or_r3_guide_2_conversation_a_1.txt,10,4.5,46
or_r3_guide_21_conversation_a_2.txt,0,0,26.3,131.6,52.6,26.3,0,52.6,26.3,26.3,0,0,0,26.3,0,52.6,0,26.3,0,0,0,131.6,78.9,26.3,0,0,0,0,0,0,0,0,0,0,0,26.3,26.3,26.3,26.3,26.3,0,26.3,0,0,0,0,0,0,0,26.3,52.6,26.3,0,0,0,78.9,78.9,26.3,184.2,26.3,0,0,0,0,0,26.3,26.3,0,0,0,0,26.3,0,0,0,0,52.6,26.3,0,131.6,0,0,0,0,0,0,0,0,0,0,0,0,0,0,0,0,0,0,0,0,0,0,0,0,0,0,0,0,0,0,0,0,0,0,0,0,0,0,0,0,0,0,0,0,0,0,52.6,0,0,0,0,0,0,0,0,0,52.6,0,0,0,0,0,0,0,0,0,0,0,0,0,0,0,0,0,0,0,26.3,0,0,0,0,0,0,52.6,26.3,0,0,0,0,0,26.3,0,26.3,26.3,0,0,0,0,0,0,58.42,-5.73,-0.52,30.64,-3.63,                         or_r3_guide_21_conversation_a_2.txt,8.3,3.8,38
or_r3_guide_21_conversation_e_3.txt,60.6,0,30.3,151.5,0,0,0,0,60.6,0,0,0,0,0,0,0,0,0,0,0,0,363.6,60.6,90.9,0,0,0,30.3,0,0,0,30.3,30.3,0,0,90.9,30.3,30.3,0,0,0,0,0,0,0,0,0,0,0,0,30.3,30.3,0,0,0,90.9,60.6,30.3,181.8,0,0,0,0,0,0,30.3,30.3,30.3,30.3,0,0,60.6,0,0,0,0,0,0,0,151.5,90.9,60.6,0,0,0,0,0,0,0,0,0,0,0,0,0,0,0,0,0,0,0,0,0,0,0,0,0,0,0,0,0,0,0,0,0,0,0,0,0,0,0,0,0,0,0,0,0,0,0,0,0,0,0,0,0,0,0,0,0,0,0,0,0,0,0,0,0,0,0,0,0,0,0,0,0,0,0,0,0,0,0,30.3,0,0,0,0,0,0,0,30.3,0,0,30.3,30.3,60.6,0,0,0,0,0,-12.79,-0.12,9.14,0.61,-3.63,                         or_r3_guide_21_conversation_e_3.txt,7.5,4.3,33
or_r3_guide_22_conversation_e_3.txt,0,0,0,142.9,0,0,0,0,0,0,0,0,0,0,0,0,0,35.7,0,0,0,321.4,35.7,0,0,35.7,0,0,0,0,0,0,35.7,0,0,71.4,0,0,0,0,0,0,0,35.7,0,0,71.4,0,0,71.4,35.7,71.4,35.7,0,0,71.4,35.7,0,142.9,0,0,0,0,0,0,0,0,0,0,0,0,0,0,0,0,0,0,0,0,178.6,107.1,107.1,0,0,0,0,0,0,0,0,0,0,0,0,0,0,0,0,0,0,0,0,0,0,0,0,0,0,0,0,0,0,0,0,0,0,0,0,0,0,0,0,0,0,0,0,0,0,0,0,0,0,0,0,0,0,0,0,0,0,0,0,0,0,0,0,0,0,0,0,0,0,0,0,0,0,0,0,0,0,0,0,0,0,0,0,0,0,0,0,0,0,0,0,0,0,0,0,0,0,-6.57,-4.14,-0.6,-6.61,1.78,                         or_r3_guide_22_conversation_e_3.txt,6.8,4.7,28
or_r3_guide_24_conversation_a_2.txt,21.3,0,63.8,127.7,21.3,0,0,21.3,0,42.6,0,0,0,0,0,0,0,0,0,0,0,276.6,106.4,21.3,0,0,0,0,0,0,0,0,42.6,0,42.6,21.3,0,0,0,0,0,0,0,0,0,0,0,0,21.3,0,0,0,0,0,0,85.1,21.3,0,148.9,0,0,0,0,0,0,0,0,21.3,0,0,0,21.3,0,21.3,0,0,0,148.9,0,170.2,63.8,21.3,0,0,0,0,0,0,0,0,0,0,0,0,0,0,0,0,0,0,0,0,0,0,0,0,0,0,0,0,0,0,0,0,0,0,0,0,0,0,0,0,0,0,0,0,21.3,0,0,0,0,0,0,0,0,0,21.3,0,0,0,0,0,0,0,0,0,0,0,0,0,0,0,0,0,0,0,0,0,0,0,0,0,0,0,21.3,0,0,0,0,0,0,0,0,0,42.6,0,0,21.3,0,0,-1.39,-5.73,-9.8,-6.61,-3.63,                         or_r3_guide_24_conversation_a_2.txt,9.8,4.6,47
or_r3_guide_24_conversation_a_3.txt,13.5,0,54.1,175.7,148.6,0,0,13.5,0,13.5,27,0,0,0,0,13.5,0,0,13.5,0,0,148.6,67.6,27,0,0,0,0,0,0,0,0,13.5,0,0,27,27,67.6,0,27,0,13.5,0,0,0,13.5,0,0,0,13.5,67.6,40.5,13.5,0,0,40.5,148.6,13.5,202.7,0,0,0,0,0,0,0,0,13.5,0,0,0,40.5,0,0,0,0,40.5,27,0,108.1,0,0,0,0,0,0,0,0,0,0,0,0,0,0,0,0,0,0,0,0,0,0,0,0,0,0,0,0,0,0,0,0,0,0,0,27,0,0,0,0,0,0,0,0,0,0,27,0,0,0,0,0,0,27,0,27,27,0,0,0,0,0,0,0,0,0,0,0,0,0,0,0,0,0,0,0,0,0,0,0,0,13.5,13.5,27,13.5,0,0,0,0,0,13.5,0,13.5,0,40.5,0,0,0,0,0,19.18,-5.73,0.38,27.17,0.73,                         or_r3_guide_24_conversation_a_3.txt,13,4,74
or_r3_guide_3_conversation_a_3.txt,20.8,0,20.8,166.7,62.5,0,0,20.8,0,20.8,0,0,0,0,0,0,0,0,20.8,0,0,250,104.2,20.8,20.8,41.7,0,0,0,0,0,0,20.8,0,0,0,0,20.8,0,20.8,0,0,0,20.8,0,0,0,20.8,0,0,20.8,41.7,20.8,0,0,41.7,104.2,20.8,166.7,0,20.8,0,0,0,0,0,0,20.8,0,20.8,0,62.5,0,0,0,0,62.5,62.5,0,208.3,0,104.2,0,0,0,0,0,0,0,0,0,0,0,0,0,0,0,0,0,0,0,0,0,0,0,0,0,0,0,0,0,0,0,0,0,0,0,0,0,0,0,0,0,0,0,0,20.8,0,0,0,0,0,0,0,0,0,20.8,0,0,0,0,0,0,0,0,0,0,0,0,0,0,0,0,0,0,0,0,20.8,0,0,20.8,20.8,0,20.8,20.8,0,0,0,0,0,0,0,0,20.8,20.8,0,0,41.7,0,0,4.52,-3.19,2.42,7.82,-0.47,                          or_r3_guide_3_conversation_a_3.txt,9,3.7,48
or_r3_guide_3_conversation_e_2.txt,0,0,0,96.8,32.3,0,0,0,32.3,0,0,0,0,0,0,0,0,0,0,0,0,322.6,129,32.3,0,0,0,0,0,0,0,0,32.3,0,32.3,64.5,64.5,0,0,32.3,0,0,0,0,0,0,0,0,0,32.3,0,32.3,0,0,0,64.5,64.5,32.3,161.3,0,0,0,0,0,0,0,0,0,0,32.3,0,32.3,0,0,0,0,0,32.3,0,129,193.5,32.3,0,0,0,32.3,0,0,0,0,0,0,0,0,0,0,0,0,0,0,0,0,0,0,0,0,0,0,0,0,0,0,0,0,0,32.3,0,0,0,0,0,0,0,0,0,0,0,0,0,0,0,0,0,32.3,0,32.3,0,0,0,0,0,0,0,0,0,0,0,0,0,0,0,0,0,0,0,0,0,0,0,0,0,0,0,0,0,0,0,0,0,0,0,0,0,0,32.3,0,0,0,0,0,-19.63,-5.73,-9.94,8.06,-3.63,                          or_r3_guide_3_conversation_e_2.txt,7.3,4.6,31
or_r3_guide_3_conversation_j_2.txt,0,0,0,111.1,83.3,0,0,0,27.8,0,0,0,0,0,0,0,0,27.8,0,0,0,222.2,55.6,55.6,0,0,0,27.8,0,0,0,0,27.8,0,0,27.8,27.8,27.8,0,55.6,0,0,0,0,0,0,0,0,0,0,55.6,55.6,0,0,0,83.3,111.1,0,138.9,27.8,0,0,0,0,0,27.8,0,0,0,0,0,83.3,27.8,0,0,0,27.8,0,0,111.1,83.3,0,0,0,0,0,0,0,0,0,0,0,0,0,0,0,0,0,0,0,0,0,0,0,0,0,0,0,0,0,0,0,0,0,0,27.8,0,0,0,0,0,0,0,27.8,0,0,0,0,0,0,0,0,0,27.8,0,55.6,0,0,0,0,0,0,0,0,0,0,0,0,0,0,0,0,0,0,0,0,0,0,0,0,0,0,0,55.6,0,0,0,0,0,27.8,0,0,111.1,0,27.8,0,0,0,0,0,-1.76,-0.58,1.32,25.26,-3.63,                          or_r3_guide_3_conversation_j_2.txt,7.5,4,36
or_r3_guide_5_conversation_e_4.txt,15.6,0,31.3,93.8,0,0,0,15.6,31.3,0,0,0,0,0,0,0,0,0,0,0,0,406.3,109.4,93.8,0,15.6,0,0,0,0,0,15.6,31.3,0,31.3,31.3,0,15.6,0,0,0,15.6,0,0,0,0,0,0,0,15.6,15.6,15.6,0,0,0,125,46.9,0,109.4,0,0,0,0,0,0,0,0,15.6,0,15.6,0,46.9,0,0,0,0,15.6,31.3,0,250,78.1,93.8,0,0,0,0,0,0,0,0,0,0,0,0,0,0,0,0,0,0,0,0,0,0,0,0,0,0,0,0,0,0,0,0,0,0,0,0,0,0,0,0,0,0,0,0,0,0,0,0,0,0,0,0,0,0,0,0,0,0,0,0,0,0,0,0,0,0,0,0,0,0,0,0,0,0,0,0,0,0,0,0,0,0,31.3,0,0,0,0,31.3,0,15.6,31.3,0,0,0,0,0,0,0,-20.74,-5.03,-2.04,3.37,-3.63,                          or_r3_guide_5_conversation_e_4.txt,13,4.9,64
or_r3_guide_5_conversation_e_5.txt,38.5,0,0,76.9,0,0,0,38.5,38.5,0,0,0,0,0,0,0,0,0,0,0,0,384.6,38.5,153.8,0,38.5,0,0,0,0,0,38.5,76.9,0,38.5,38.5,0,38.5,0,0,0,38.5,0,0,0,0,0,0,0,38.5,38.5,38.5,0,0,0,192.3,76.9,0,76.9,0,0,0,0,0,0,0,0,38.5,0,0,0,76.9,0,0,0,0,0,0,0,230.8,38.5,115.4,0,0,0,0,0,0,0,0,0,0,0,0,0,0,0,0,0,0,0,0,0,0,0,0,0,0,0,0,0,0,0,0,0,0,0,0,0,0,0,0,0,0,0,0,0,0,0,0,0,0,0,0,0,0,0,0,0,0,0,0,0,0,0,0,0,0,0,0,0,0,0,0,0,0,0,0,0,0,0,0,0,0,38.5,0,0,0,0,38.5,0,38.5,38.5,0,0,0,0,0,0,0,-15.73,-4.02,7.06,17.94,-3.63,                          or_r3_guide_5_conversation_e_5.txt,6.3,5.2,26
or_r3_guide_5_conversation_e_6.txt,50,0,25,150,0,0,0,25,25,0,25,0,0,0,0,0,0,0,0,0,0,250,100,50,0,0,0,0,0,0,0,0,50,0,0,75,25,25,0,0,0,0,0,0,0,25,0,0,0,0,25,0,25,0,0,150,25,25,200,0,0,0,0,0,0,0,0,25,0,0,0,0,50,0,0,25,25,50,0,100,50,0,0,0,0,0,0,0,0,0,0,0,0,0,0,0,0,0,0,0,0,0,0,0,0,0,0,0,0,0,0,0,0,0,0,0,0,0,0,0,0,0,0,0,0,0,0,0,0,0,0,0,0,0,0,0,0,0,0,0,0,0,0,0,0,0,0,0,0,0,0,0,0,0,0,0,0,0,0,25,0,0,0,25,0,0,0,0,0,0,0,0,50,0,0,0,0,0,0,0,-4.71,-5.73,0.18,-0.65,4.44,                          or_r3_guide_5_conversation_e_6.txt,9.8,5,40
or_r3_guide_6_conversation_a_2.txt,0,0,0,148.9,0,0,0,0,0,21.3,0,0,0,0,0,0,0,0,0,0,0,276.6,63.8,42.6,21.3,21.3,0,0,0,0,0,0,0,0,0,63.8,0,0,0,0,0,0,0,0,0,0,21.3,0,0,21.3,0,21.3,0,0,0,106.4,21.3,0,191.5,0,21.3,0,0,0,0,21.3,0,0,0,0,0,42.6,0,0,0,0,42.6,21.3,0,148.9,63.8,0,0,0,0,0,0,0,0,0,0,0,0,0,0,0,0,0,0,0,0,0,0,0,0,0,0,0,0,0,0,0,0,0,0,0,0,0,0,0,0,0,0,0,0,0,0,0,0,0,0,0,0,0,0,0,0,0,0,0,0,0,0,0,0,0,0,0,0,0,0,0,0,0,0,0,0,0,0,0,21.3,0,0,42.6,21.3,21.3,0,0,0,0,0,0,42.6,21.3,0,0,0,0,0,0,-15.04,-4.08,-2.65,-6.61,-3.63,                          or_r3_guide_6_conversation_a_2.txt,9.8,4.4,47
or_r3_guide_7_conversation_e_7.txt,0,0,0,121.2,30.3,0,0,0,30.3,0,0,0,0,0,0,0,0,0,0,0,0,181.8,90.9,90.9,0,0,0,0,0,0,0,0,30.3,0,30.3,30.3,0,30.3,0,30.3,0,0,0,0,0,0,0,0,0,0,30.3,30.3,0,0,0,90.9,60.6,0,151.5,60.6,0,0,0,0,0,0,0,0,30.3,0,0,0,0,0,0,0,30.3,90.9,0,90.9,30.3,0,0,0,0,0,0,0,0,0,0,0,0,0,0,0,0,0,0,0,0,0,0,0,0,0,0,0,0,0,0,0,0,0,0,0,0,0,0,0,0,0,0,0,0,0,0,0,0,0,0,0,0,0,0,0,0,0,0,0,0,0,0,0,0,0,0,0,0,0,0,0,0,0,0,0,0,0,0,0,0,0,0,0,30.3,0,0,0,0,0,0,30.3,60.6,0,30.3,0,0,0,0,0,-15.65,-5.73,-7.56,14.38,-3.63,                          or_r3_guide_7_conversation_e_7.txt,7.3,4.1,33
or_r3_guide_8_conversation_a_2.txt,0,0,0,163.6,72.7,0,0,18.2,0,18.2,0,0,0,36.4,0,0,0,36.4,0,0,0,254.5,72.7,36.4,0,0,0,0,0,0,0,0,36.4,0,0,54.5,18.2,18.2,0,18.2,0,18.2,0,0,0,0,0,0,0,0,54.5,18.2,0,0,0,54.5,72.7,0,200,0,0,0,0,0,0,0,0,0,0,0,0,0,0,0,0,0,54.5,36.4,0,145.5,72.7,18.2,0,0,0,0,0,0,0,0,0,0,0,0,0,0,0,0,0,0,0,0,0,0,0,0,0,0,0,0,0,0,0,0,0,36.4,0,0,0,0,0,0,0,0,0,0,0,0,0,0,0,0,0,36.4,0,36.4,0,0,0,0,0,0,0,0,0,0,0,0,0,0,0,18.2,0,0,0,0,0,0,0,0,18.2,18.2,0,18.2,0,0,0,0,0,0,0,18.2,54.5,0,54.5,0,0,0,0,0,23.42,-5.73,0.4,13.26,-3.63,                          or_r3_guide_8_conversation_a_2.txt,10.8,4.6,55
or_r3_guide_8_conversation_e_4.txt,47.6,0,0,190.5,0,0,0,0,47.6,0,0,0,0,0,0,0,0,0,0,0,0,428.6,47.6,47.6,0,0,0,0,0,0,0,0,95.2,0,0,0,0,0,0,0,0,0,0,0,0,0,0,0,0,0,0,0,0,0,0,47.6,47.6,0,142.9,0,0,0,0,0,0,47.6,0,47.6,0,0,0,47.6,0,0,0,0,0,0,0,285.7,0,190.5,0,0,0,0,0,0,0,0,0,0,0,0,0,0,0,0,0,0,0,0,0,0,0,0,0,0,0,0,0,0,0,0,0,0,0,0,0,0,0,0,0,0,0,0,0,0,0,0,0,0,0,0,0,0,0,0,0,0,0,0,0,0,0,0,0,0,0,0,0,0,0,0,0,0,0,0,0,0,95.2,0,0,47.6,0,0,0,0,0,0,0,0,47.6,0,47.6,0,0,0,0,0,-15.47,-5.73,7.59,-6.61,-3.63,                          or_r3_guide_8_conversation_e_4.txt,5.3,4.9,21
or_r3_guide_i23_conversation_e_5.txt,0,0,0,100,0,0,0,33.3,0,33.3,0,0,0,0,0,0,0,0,0,0,0,233.3,66.7,133.3,0,0,0,0,0,0,0,33.3,66.7,0,0,133.3,33.3,0,0,0,0,0,0,0,0,0,0,0,0,33.3,0,33.3,0,0,0,233.3,0,0,133.3,0,0,0,0,0,0,0,0,0,0,0,0,33.3,66.7,0,0,0,33.3,33.3,0,133.3,0,0,0,0,0,0,0,0,0,0,0,0,0,0,0,0,0,0,0,0,0,0,0,0,0,0,0,0,0,0,0,0,0,0,0,0,0,0,0,0,0,0,0,0,0,0,0,33.3,0,0,0,0,0,0,0,0,33.3,0,0,0,0,0,0,0,0,0,0,0,0,0,0,0,0,0,0,0,0,0,0,0,33.3,0,0,0,33.3,0,0,0,0,0,0,0,33.3,0,0,0,0,0,0,0,-10.78,-5.73,10.37,-6.61,-3.63,                        or_r3_guide_i23_conversation_e_5.txt,7.3,4.5,30
or_r3_guide_i26_conversation_a_2.txt,41.7,0,0,125,41.7,0,0,0,0,0,0,0,0,20.8,0,0,0,20.8,0,0,0,166.7,83.3,62.5,0,20.8,20.8,0,0,0,0,20.8,0,0,20.8,104.2,41.7,0,0,20.8,0,0,0,0,0,0,0,0,0,0,20.8,41.7,0,0,0,83.3,62.5,0,166.7,0,20.8,0,0,0,0,0,0,20.8,0,0,0,41.7,0,0,0,0,20.8,41.7,0,145.8,20.8,20.8,0,0,0,0,0,0,0,0,0,0,0,0,0,0,0,0,0,0,0,0,0,0,0,0,0,0,0,0,0,0,0,0,0,0,20.8,0,0,0,0,0,0,0,0,0,20.8,0,0,0,0,0,0,20.8,0,20.8,20.8,0,0,0,0,0,0,0,0,0,0,0,0,0,0,20.8,0,0,0,0,0,0,0,0,0,0,0,0,0,0,0,0,0,20.8,0,0,20.8,0,41.7,0,0,20.8,20.8,0,6.41,-0.8,-3.36,2.86,-3.63,                        or_r3_guide_i26_conversation_a_2.txt,11,4.3,48
or_r3_guide_i26_conversation_a_4.txt,22.7,0,22.7,90.9,0,0,0,0,45.5,0,0,0,0,0,0,0,0,0,0,0,0,181.8,90.9,22.7,22.7,68.2,22.7,0,0,0,0,0,0,0,22.7,113.6,22.7,0,0,0,0,0,0,0,0,0,0,22.7,0,0,0,0,0,0,0,68.2,113.6,0,113.6,0,0,0,0,0,0,0,0,0,0,0,0,0,0,0,0,0,45.5,22.7,0,90.9,45.5,0,0,0,0,0,0,0,0,0,0,0,0,0,0,0,0,0,0,0,0,0,0,0,22.7,0,0,0,0,0,0,0,0,0,0,0,22.7,0,0,0,0,0,0,0,0,22.7,0,0,0,22.7,0,0,22.7,22.7,0,22.7,22.7,0,0,0,0,0,0,0,0,0,0,0,0,0,0,0,0,0,0,0,0,22.7,0,0,0,0,0,0,0,0,0,0,0,0,0,22.7,22.7,0,22.7,0,0,22.7,0,0,-11.67,2.42,-12.17,-6.61,-3.63,                        or_r3_guide_i26_conversation_a_4.txt,10,4.3,44
or_r3_guide_i28_conversation_a_2.txt,0,0,0,115.4,0,0,0,0,0,38.5,0,0,0,0,0,0,0,0,0,0,0,269.2,76.9,38.5,38.5,0,0,0,0,0,0,0,38.5,0,38.5,38.5,0,0,0,0,0,38.5,0,115.4,0,0,0,0,0,0,0,0,115.4,0,0,38.5,0,0,153.8,0,0,0,0,0,0,0,0,76.9,0,0,0,0,0,0,0,0,0,38.5,0,76.9,115.4,0,0,0,0,0,0,0,0,0,0,0,0,0,0,0,0,0,0,0,0,0,0,0,0,0,0,0,0,0,0,0,0,0,0,0,0,0,0,0,0,0,0,0,0,0,0,0,0,0,0,0,0,0,0,0,0,0,0,0,0,0,0,0,0,0,0,0,0,0,0,0,0,0,0,0,0,0,0,0,0,0,0,0,38.5,0,0,0,0,0,0,0,0,0,38.5,0,0,0,0,0,-14.6,-4.46,-9.85,8.78,13.86,                        or_r3_guide_i28_conversation_a_2.txt,6,4.8,26
or_r3_guide_i32_conversation_a_1.txt,18.5,18.5,18.5,148.1,55.6,0,18.5,0,0,0,0,18.5,0,0,0,0,0,18.5,0,0,0,314.8,129.6,18.5,0,18.5,0,0,0,0,0,0,18.5,0,0,18.5,18.5,18.5,18.5,0,0,0,0,0,0,0,0,0,0,0,37,18.5,0,0,0,37,74.1,0,166.7,0,18.5,0,0,0,0,0,0,18.5,0,0,0,18.5,0,0,0,0,37,74.1,0,222.2,74.1,37,0,0,0,0,0,0,0,0,0,0,0,0,0,0,0,0,0,0,0,0,0,0,0,0,0,0,0,0,0,0,0,0,0,18.5,0,0,0,0,0,0,0,0,0,0,0,0,0,0,0,0,0,18.5,0,18.5,0,0,0,0,0,0,0,0,0,0,0,0,0,0,0,0,0,0,0,0,0,0,0,0,0,0,37,37,0,18.5,0,0,0,0,0,0,37,0,37,0,18.5,18.5,0,0,11.38,-4.9,1.21,3.78,-3.63,                        or_r3_guide_i32_conversation_a_1.txt,10.3,4.3,54
or_r3_guide_i32_conversation_e_2.txt,0,0,30.3,151.5,30.3,0,30.3,0,0,0,0,0,0,0,0,0,0,0,0,0,0,212.1,90.9,0,30.3,0,0,30.3,0,0,0,0,0,0,0,60.6,0,60.6,0,0,0,0,0,0,0,0,0,0,0,0,60.6,0,0,0,0,121.2,30.3,0,242.4,60.6,30.3,0,0,0,0,30.3,0,0,30.3,0,0,0,0,30.3,0,0,30.3,90.9,0,151.5,30.3,0,0,0,0,0,0,0,0,0,0,0,0,0,0,0,0,0,0,0,0,0,0,0,0,0,0,0,0,0,0,0,0,0,0,0,0,0,0,0,0,0,0,0,0,0,0,0,0,0,0,0,0,0,0,0,0,0,0,0,0,0,0,0,0,0,0,0,0,0,0,0,0,0,0,0,0,0,0,30.3,0,0,0,30.3,0,0,0,0,0,0,0,0,90.9,30.3,0,0,0,0,0,0,-5.52,0.88,-2.47,7.82,-3.63,                        or_r3_guide_i32_conversation_e_2.txt,6.8,4.7,33
or_r3_guide_i33_conversation_a_1.txt,0,0,0,113.2,37.7,0,0,18.9,18.9,0,0,0,0,0,0,0,0,18.9,0,0,0,283,113.2,56.6,0,0,0,0,0,0,0,0,18.9,0,18.9,75.5,0,0,0,0,0,0,0,0,0,0,0,0,0,18.9,18.9,0,0,0,0,75.5,56.6,0,113.2,0,18.9,0,0,0,0,0,0,0,0,0,0,18.9,0,0,37.7,18.9,0,94.3,0,188.7,56.6,18.9,0,0,0,0,0,0,0,0,0,0,0,0,0,0,0,0,0,0,0,0,0,0,0,0,0,0,0,0,0,0,0,0,0,0,0,0,0,0,0,0,0,0,0,0,0,0,0,0,0,0,0,0,0,0,0,0,0,0,0,0,0,0,0,0,0,0,0,0,0,0,0,0,0,0,0,0,0,0,18.9,0,0,0,37.7,0,0,0,0,0,0,0,18.9,0,0,0,0,0,0,0,-8.3,-5.73,-7.55,-6.61,-3.63,                        or_r3_guide_i33_conversation_a_1.txt,10.3,4.3,53
or_r3_guide_i34_conversation_j_2.txt,0,0,0,148.1,0,0,0,0,0,0,0,0,0,0,0,0,0,0,0,0,0,407.4,74.1,0,0,74.1,0,0,0,0,0,0,0,0,0,0,0,0,0,0,0,0,0,74.1,0,0,0,0,0,0,0,0,74.1,0,0,0,74.1,0,111.1,0,0,0,0,0,0,0,0,0,0,0,0,0,0,0,0,0,0,74.1,0,296.3,37,111.1,0,0,0,0,0,0,0,0,0,0,0,0,0,0,0,0,0,0,0,0,0,0,0,0,0,0,0,0,0,0,0,0,0,0,0,0,0,0,0,0,0,0,0,0,0,0,0,0,0,0,0,0,0,0,0,0,0,0,0,0,0,0,0,0,0,0,0,0,0,0,0,0,0,0,0,0,0,0,0,0,0,0,74.1,0,0,0,0,0,0,0,0,0,0,74.1,0,0,0,0,-19.5,-2.44,0.97,-6.61,7.6,                        or_r3_guide_i34_conversation_j_2.txt,5,4.3,27
or_r3_guide_i35_conversation_e_3.txt,0,0,0,125,31.3,31.3,0,0,0,0,0,0,0,0,0,0,0,0,0,0,0,312.5,156.3,31.3,0,62.5,0,0,0,0,0,0,0,0,31.3,62.5,0,0,0,0,31.3,0,0,0,0,0,31.3,0,0,0,31.3,31.3,0,0,0,62.5,93.8,0,125,0,0,0,0,0,0,0,31.3,0,0,0,0,31.3,0,0,0,31.3,31.3,31.3,0,125,125,31.3,0,0,0,0,0,0,0,0,0,0,0,0,0,0,0,0,0,0,0,0,0,0,0,0,0,0,0,0,0,0,0,0,0,0,0,0,0,0,0,0,0,0,0,0,0,0,0,0,0,0,0,0,0,0,0,0,0,0,0,0,0,0,0,0,0,0,0,0,0,0,0,0,0,0,0,0,0,31.3,31.3,31.3,0,0,0,0,0,0,0,0,0,0,62.5,0,0,0,0,0,0,0,-10.71,-2.95,-11.77,8.28,-3.63,                        or_r3_guide_i35_conversation_e_3.txt,7.8,4.1,32
or_r3_guide_i36_conversation_a_6.txt,20,0,0,80,0,0,0,20,20,40,0,20,0,20,0,0,0,0,0,0,0,220,80,40,60,100,20,0,0,0,0,0,60,0,0,20,20,20,20,20,0,0,0,0,0,0,20,0,0,20,20,60,0,0,0,100,120,20,160,0,0,0,0,0,0,20,0,20,0,0,0,0,0,0,0,0,40,20,0,100,20,20,0,0,0,0,0,0,0,0,0,0,0,0,0,0,0,0,0,0,0,0,0,0,0,0,0,0,0,0,0,0,0,0,0,0,0,0,0,0,0,0,0,0,0,0,0,0,0,0,0,0,0,0,0,0,0,0,0,0,0,0,0,0,0,0,0,0,0,0,0,0,0,0,0,0,0,0,0,0,0,0,0,20,20,0,0,20,0,0,0,0,20,20,20,0,20,20,0,0,15.4,4.54,4,13.7,-3.63,                        or_r3_guide_i36_conversation_a_6.txt,11,4.6,50
or_r3_guide_i36_conversation_e_4.txt,0,0,0,114.3,28.6,0,28.6,28.6,0,0,0,0,0,0,0,0,0,0,0,0,0,371.4,171.4,0,0,0,0,0,0,0,0,0,0,0,28.6,28.6,0,0,0,0,0,0,0,0,0,0,0,0,0,28.6,0,0,0,0,0,28.6,28.6,0,142.9,28.6,0,0,0,0,0,0,0,0,0,0,0,28.6,0,0,0,0,57.1,57.1,0,228.6,57.1,28.6,0,0,0,0,0,0,0,0,0,0,0,0,0,0,0,0,0,0,0,0,0,0,0,0,0,0,0,0,0,0,0,0,0,0,0,0,0,0,0,0,0,0,0,0,0,0,0,0,0,0,0,0,0,0,0,0,0,0,0,0,0,0,0,0,0,0,0,0,0,0,0,0,0,0,0,0,0,0,0,57.1,0,28.6,0,0,0,0,0,0,0,0,0,0,0,0,0,0,0,0,-7.53,-5.73,-9.05,-6.61,-3.63,                        or_r3_guide_i36_conversation_e_4.txt,8,3.9,35
or_r3_guide_i36_conversation_j_1.txt,0,0,15.4,76.9,15.4,15.4,0,0,46.2,15.4,0,0,0,0,0,0,0,15.4,0,0,0,384.6,76.9,46.2,0,0,0,0,0,0,0,0,46.2,30.8,0,46.2,15.4,30.8,0,0,0,0,0,0,0,0,0,0,0,0,46.2,0,0,0,0,61.5,61.5,15.4,92.3,15.4,0,0,0,0,0,0,15.4,0,0,0,0,15.4,0,0,0,0,15.4,46.2,0,184.6,107.7,76.9,0,0,0,0,0,0,0,0,0,0,0,0,0,0,0,0,0,0,0,0,0,0,0,0,0,0,0,0,0,0,0,0,0,0,0,0,0,0,0,0,0,0,0,0,0,0,0,0,0,0,0,0,0,0,0,0,0,0,0,0,0,0,0,0,0,0,0,0,0,0,0,0,0,0,0,0,0,0,0,0,0,15.4,0,0,15.4,0,0,0,0,0,46.2,0,0,0,0,0,0,0,-10.06,-5.73,-7.23,0.72,-3.63,                        or_r3_guide_i36_conversation_j_1.txt,14.3,4.8,65
or_r3_guide_i40_conversation_e_3.txt,0,0,0,90.9,22.7,0,0,22.7,22.7,0,22.7,0,0,0,0,22.7,0,22.7,0,0,0,181.8,90.9,90.9,0,0,0,0,0,0,0,0,22.7,0,45.5,45.5,22.7,0,0,22.7,0,0,0,0,0,0,0,0,0,0,22.7,22.7,0,0,0,113.6,45.5,0,113.6,0,0,0,0,0,0,0,0,0,0,22.7,0,45.5,0,0,22.7,22.7,22.7,0,0,113.6,22.7,0,0,0,0,0,0,0,0,0,0,0,0,0,0,0,0,0,0,0,0,0,0,0,0,0,0,0,0,0,0,0,0,0,0,0,0,0,0,0,0,0,22.7,0,0,0,0,0,0,0,0,0,0,0,22.7,22.7,0,0,0,0,0,0,0,0,0,0,0,0,0,0,0,0,0,0,0,0,0,0,0,22.7,0,0,0,0,22.7,0,0,0,22.7,22.7,22.7,0,22.7,0,0,0,0,0,0,0,5.62,-5.73,-13.4,3.73,-3.63,                        or_r3_guide_i40_conversation_e_3.txt,9.5,4.1,44
tr_r2_guide_10_conversation_e_1.txt,0,0,0,108.1,0,0,0,0,27,0,0,0,0,0,0,0,0,0,27,0,0,540.5,189.2,27,0,0,0,0,0,0,0,0,0,0,0,0,0,0,0,0,0,0,0,0,0,0,0,0,0,0,0,27,0,0,0,27,27,0,81.1,0,27,0,0,0,0,0,0,0,0,0,0,0,0,0,0,0,54.1,54.1,0,270.3,216.2,81.1,0,0,0,0,0,0,0,0,0,0,0,0,0,0,0,0,0,0,0,0,0,0,0,0,0,0,0,0,0,0,0,0,0,0,0,0,0,0,0,0,0,0,0,0,0,0,0,0,0,0,0,0,0,0,0,0,0,0,0,0,0,0,0,0,0,0,0,0,0,0,0,0,0,0,0,0,0,0,54.1,0,0,0,27,0,0,0,0,0,0,0,54.1,0,27,0,0,0,0,0,-23.58,-5.73,0.97,-6.61,-3.63,                         tr_r2_guide_10_conversation_e_1.txt,7.5,4.2,37
tr_r2_guide_10_conversation_e_2.txt,0,0,0,166.7,33.3,0,0,0,33.3,33.3,0,0,0,0,0,0,0,0,0,0,0,300,133.3,33.3,0,0,0,0,0,0,0,0,0,0,0,100,0,66.7,0,0,0,0,33.3,0,0,0,0,0,0,0,66.7,0,0,0,0,33.3,66.7,0,166.7,0,0,0,0,0,0,33.3,0,33.3,0,0,0,0,0,0,0,0,0,33.3,0,200,66.7,33.3,0,0,0,0,0,0,0,0,0,0,0,0,0,0,0,0,0,0,0,0,0,0,0,0,0,0,0,0,0,0,0,0,0,0,0,0,0,0,0,0,0,0,0,0,0,0,0,0,0,0,0,0,0,0,0,0,0,0,0,0,0,0,0,0,0,0,0,0,0,0,0,0,0,0,0,0,0,0,0,0,0,33.3,0,0,0,0,0,0,0,0,33.3,33.3,0,0,0,0,0,0,-11.34,-5.73,-4.71,9.27,17.21,                         tr_r2_guide_10_conversation_e_2.txt,6.8,4.2,30
tr_r2_guide_11_conversation_j_2.txt,13.2,0,13.2,118.4,52.6,0,0,0,0,0,0,0,0,0,0,0,0,0,0,0,0,223.7,118.4,39.5,0,0,0,0,0,0,0,0,0,13.2,0,52.6,65.8,13.2,0,0,0,0,0,0,0,0,0,0,0,0,13.2,0,0,0,0,52.6,52.6,13.2,157.9,0,0,0,0,0,0,0,0,13.2,0,0,0,0,0,0,0,0,13.2,65.8,0,197.4,26.3,26.3,0,0,0,0,0,0,0,0,0,0,0,0,0,0,0,0,0,0,0,0,0,0,0,0,0,0,0,0,0,0,0,0,0,0,13.2,0,0,0,0,0,0,0,0,0,0,0,0,0,0,0,0,13.2,0,13.2,0,0,0,0,0,0,0,0,0,0,0,0,0,0,0,26.3,0,0,0,0,0,0,0,0,0,26.3,0,26.3,13.2,0,0,0,0,0,0,0,65.8,0,13.2,0,0,13.2,0,0,-12.46,-5.73,-5.78,-3.47,-3.63,                         tr_r2_guide_11_conversation_j_2.txt,12.5,4,76
tr_r2_guide_13_conversation_j_1.txt,0,0,0,147.1,29.4,0,29.4,0,58.8,0,0,0,0,0,0,0,0,0,0,0,0,294.1,88.2,0,0,0,0,0,0,0,0,0,117.6,0,0,29.4,0,58.8,0,0,0,0,0,0,0,0,0,0,29.4,0,58.8,0,0,0,0,0,88.2,29.4,88.2,0,0,0,0,0,0,0,29.4,0,0,0,0,0,0,0,0,0,0,29.4,0,147.1,29.4,58.8,0,0,0,0,0,0,0,0,0,0,0,0,0,0,0,0,0,0,0,0,0,0,0,0,0,0,0,0,0,0,0,0,0,0,0,0,0,0,0,0,0,0,0,0,0,0,0,0,0,0,0,0,0,0,0,0,0,0,0,0,0,0,0,0,0,0,0,0,0,0,0,0,0,0,0,0,0,0,0,0,0,29.4,29.4,29.4,0,0,0,0,0,0,58.8,0,0,0,0,0,0,0,-6.39,-5.73,7.47,7.4,-3.63,                         tr_r2_guide_13_conversation_j_1.txt,7.8,4.3,34
tr_r2_guide_15_conversation_j_2.txt,0,0,0,58.8,0,0,0,0,88.2,0,29.4,0,0,0,0,0,0,0,0,0,0,382.4,235.3,29.4,0,0,0,0,0,0,0,0,29.4,0,29.4,29.4,0,29.4,0,0,0,0,0,0,0,0,0,0,0,0,29.4,0,0,0,0,29.4,88.2,29.4,58.8,0,0,0,0,0,0,0,0,0,0,0,0,0,0,0,0,0,0,88.2,0,235.3,88.2,0,0,0,0,0,0,0,0,0,0,0,0,0,0,0,0,0,0,0,0,0,0,0,0,0,0,0,0,0,0,0,0,0,0,0,0,0,0,0,0,0,0,0,0,0,0,0,0,0,0,0,0,0,0,0,0,0,0,0,0,0,0,0,0,0,0,0,0,0,0,0,0,0,0,0,0,0,0,0,0,0,0,0,117.6,0,0,0,0,0,0,0,0,0,0,0,0,0,0,0,-24.38,-5.73,-7.31,0.4,-3.63,                         tr_r2_guide_15_conversation_j_2.txt,6.3,4.9,34
tr_r2_guide_17_conversation_j_2.txt,0,0,0,24.4,0,0,0,0,0,73.2,0,0,0,0,0,0,0,0,0,0,0,292.7,97.6,24.4,97.6,24.4,0,0,0,0,0,0,73.2,48.8,0,48.8,24.4,0,0,0,0,0,24.4,0,0,0,0,0,0,0,0,0,0,0,0,24.4,24.4,0,146.3,24.4,0,0,0,0,0,0,0,0,0,0,0,0,0,0,0,0,24.4,97.6,0,195.1,0,24.4,0,0,0,0,0,0,0,0,0,0,0,0,0,0,0,0,0,0,0,0,0,0,0,0,0,0,0,0,0,0,0,0,0,0,0,0,0,0,0,0,0,0,0,0,0,0,0,0,0,0,0,0,0,0,0,0,0,0,0,0,0,0,0,0,0,0,0,0,0,0,0,0,0,0,0,0,0,0,24.4,24.4,0,0,48.8,0,0,0,0,0,0,0,48.8,0,0,0,0,0,0,0,-12.59,-1.43,-10.65,-6.61,11.62,                         tr_r2_guide_17_conversation_j_2.txt,8.5,4.6,41
tr_r2_guide_20_conversation_j_1.txt,0,0,0,145.8,20.8,0,0,0,41.7,41.7,20.8,0,0,0,0,0,0,0,0,0,20.8,187.5,125,41.7,0,0,20.8,0,0,0,0,0,20.8,0,0,62.5,0,20.8,0,0,0,0,20.8,0,0,0,20.8,20.8,0,0,20.8,20.8,0,0,0,41.7,62.5,20.8,166.7,20.8,0,0,0,0,0,20.8,0,0,0,0,0,20.8,0,0,0,0,20.8,62.5,0,125,0,0,0,0,0,0,0,0,0,0,0,0,0,0,0,0,0,0,0,0,0,0,0,0,0,0,0,0,0,0,0,0,0,0,0,0,0,0,0,0,0,0,0,0,0,0,0,0,0,0,0,0,0,0,0,0,0,0,0,0,0,0,0,0,0,0,0,0,0,0,0,0,0,0,0,0,0,0,0,0,0,20.8,0,20.8,20.8,0,0,0,0,0,0,0,20.8,0,0,0,0,20.8,0,0,2.01,-1.72,-1.13,-1.64,9.39,                         tr_r2_guide_20_conversation_j_1.txt,10.5,4,48
tr_r2_guide_21_conversation_j_3.txt,0,0,0,133.3,0,0,0,0,0,0,0,0,0,0,0,0,0,0,0,0,0,366.7,83.3,116.7,0,0,0,0,0,0,0,0,83.3,0,16.7,0,0,0,0,0,0,0,0,0,0,0,0,0,0,16.7,0,0,0,0,0,150,0,16.7,133.3,0,33.3,0,0,0,0,0,0,0,0,0,0,16.7,0,0,0,0,66.7,16.7,0,233.3,33.3,100,0,0,0,0,0,0,0,0,0,0,0,0,0,0,0,0,0,0,0,0,0,0,0,0,0,0,0,0,0,0,0,0,0,0,0,0,0,0,0,0,0,0,0,0,0,0,0,0,0,0,0,0,0,0,0,0,0,0,0,0,0,0,0,0,0,0,0,0,0,0,0,0,0,0,0,0,16.7,0,16.7,16.7,0,0,33.3,0,16.7,0,0,0,0,0,0,0,0,0,0,0,0,0,-26.62,-5.73,1.86,-6.61,-3.63,                         tr_r2_guide_21_conversation_j_3.txt,11.3,4.8,60
tr_r2_guide_24_conversation_j_3.txt,0,0,25,75,25,0,0,0,50,0,25,0,0,0,0,0,0,0,0,0,0,425,50,75,0,0,0,0,0,0,0,0,75,0,0,25,25,50,0,0,0,0,0,0,0,0,0,0,0,0,50,0,0,0,0,75,75,0,100,0,0,0,0,0,0,25,0,0,0,0,0,25,0,0,0,0,0,75,0,250,100,125,0,0,0,0,0,0,0,0,0,0,0,0,0,0,0,0,0,0,0,0,0,0,0,0,0,0,0,0,0,0,0,0,0,0,0,0,0,0,0,0,0,0,0,0,0,0,0,0,0,0,0,0,0,0,0,0,0,0,0,0,0,0,0,0,0,0,0,0,0,0,0,0,0,0,0,0,0,0,25,0,0,0,25,0,0,0,0,0,0,0,25,0,0,0,0,0,0,0,-18.35,-5.73,4.76,5.3,-3.63,                         tr_r2_guide_24_conversation_j_3.txt,9.3,4.7,40
tr_r2_guide_3_conversation_a_2.txt,27,0,0,81.1,54.1,0,0,0,0,0,0,0,0,0,0,0,0,0,0,0,0,351.4,135.1,54.1,0,0,0,0,0,0,0,0,54.1,0,27,81.1,0,54.1,0,27,0,0,27,0,0,0,0,0,0,0,54.1,27,0,0,0,54.1,54.1,27,81.1,0,0,0,0,0,0,0,0,27,0,0,0,0,0,0,0,0,0,81.1,0,216.2,27,54.1,0,0,0,0,0,0,0,0,0,0,0,0,0,0,0,0,0,0,0,0,0,0,0,0,0,0,0,0,0,0,0,0,0,0,0,0,0,0,0,0,0,0,0,0,0,0,0,0,0,0,0,0,0,0,0,0,0,0,0,0,0,0,0,0,0,0,0,0,0,0,0,0,0,0,0,0,0,27,0,27,0,0,27,0,0,0,0,0,27,0,0,0,27,0,0,0,0,0,-18.65,-5.73,-7.83,18.55,13.27,                          tr_r2_guide_3_conversation_a_2.txt,7.8,4.3,37
tr_r2_guide_4_conversation_e_2.txt,0,0,0,87,43.5,0,0,0,0,0,0,0,0,0,0,0,0,0,0,0,0,260.9,217.4,0,0,0,0,0,0,0,0,0,130.4,0,0,43.5,0,43.5,0,0,0,0,0,0,0,0,0,0,0,0,43.5,0,0,0,0,43.5,43.5,43.5,87,0,0,0,0,0,0,0,0,0,0,0,0,0,0,0,0,0,87,0,0,87,43.5,43.5,0,0,0,0,0,0,0,0,0,0,0,0,0,0,0,0,0,0,0,0,0,0,0,0,0,0,0,0,0,0,0,0,0,0,0,0,0,0,0,0,0,0,0,0,0,0,0,0,0,0,0,0,0,0,0,0,0,0,0,0,0,0,0,0,0,0,0,0,0,0,0,0,0,0,0,43.5,0,0,0,43.5,0,43.5,0,0,0,0,0,0,0,0,0,0,0,0,0,0,0,0,-19.68,-5.73,7.56,3.75,-3.63,                          tr_r2_guide_4_conversation_e_2.txt,5.3,4.3,23
tr_r2_guide_5_conversation_e_2.txt,0,0,0,111.1,55.6,0,0,0,55.6,0,0,0,0,0,0,0,0,0,0,0,0,555.6,111.1,0,0,0,0,0,0,0,0,0,0,0,0,0,0,55.6,0,0,0,0,0,0,0,0,0,0,0,0,55.6,0,0,0,0,0,111.1,0,111.1,0,0,0,0,0,0,0,0,0,0,0,0,0,0,0,0,0,0,55.6,0,111.1,222.2,55.6,0,0,0,0,0,0,0,0,0,0,0,0,0,0,0,0,0,0,0,0,0,0,0,0,0,0,0,0,0,0,0,0,0,0,0,0,0,0,0,0,0,0,0,0,0,0,0,0,0,0,0,0,0,0,0,0,0,0,0,0,0,0,0,0,0,0,0,0,0,0,0,0,0,0,0,0,0,0,0,0,0,0,0,0,0,0,0,0,0,0,55.6,55.6,0,0,0,0,0,0,-20,-5.73,0.97,6.62,-3.63,                          tr_r2_guide_5_conversation_e_2.txt,4.3,4.3,18
tr_r2_guide_6_conversation_e_1.txt,0,0,0,111.1,44.4,0,22.2,0,44.4,0,0,0,0,0,0,0,0,0,0,0,0,333.3,133.3,44.4,22.2,0,0,0,0,0,0,0,44.4,0,0,0,0,0,0,0,0,0,0,0,0,0,0,0,0,0,0,0,0,0,0,88.9,88.9,0,133.3,0,0,0,0,0,0,22.2,0,0,0,0,0,0,0,0,0,0,22.2,88.9,0,200,88.9,0,0,0,0,0,0,0,0,0,0,0,0,0,0,0,0,0,0,0,0,0,0,0,0,0,0,0,0,0,0,0,0,0,0,0,0,0,0,0,0,0,0,0,0,0,0,0,0,0,0,0,0,0,0,0,0,0,0,0,0,0,0,0,0,0,0,0,0,0,0,0,0,0,0,0,0,0,0,0,0,22.2,0,0,0,0,0,0,0,0,0,0,22.2,44.4,0,0,0,0,22.2,0,-14.41,-5,4.06,-6.61,-3.63,                          tr_r2_guide_6_conversation_e_1.txt,9.8,4.6,45
tr_r2_guide_6_conversation_e_2.txt,30.3,0,0,181.8,60.6,0,0,0,0,0,30.3,0,0,30.3,0,0,0,30.3,0,0,0,242.4,60.6,0,0,0,0,0,0,0,0,0,60.6,0,0,0,0,30.3,0,0,0,0,0,0,0,0,0,0,0,30.3,60.6,0,0,0,0,90.9,60.6,30.3,151.5,0,30.3,0,0,0,0,30.3,0,30.3,0,0,0,0,0,0,0,0,0,121.2,0,151.5,0,90.9,0,0,0,0,0,0,0,0,0,0,0,0,0,0,0,0,0,0,0,0,0,0,0,0,0,0,0,0,0,0,0,0,0,0,0,0,0,0,0,0,0,0,0,0,0,0,0,0,0,0,0,0,0,0,0,0,0,0,0,0,0,0,0,0,0,0,0,0,0,0,0,0,0,0,0,0,0,0,0,0,0,0,0,0,0,0,0,0,0,0,0,30.3,30.3,30.3,0,30.3,0,0,21.54,-5.73,5.18,0.61,-3.63,                          tr_r2_guide_6_conversation_e_2.txt,7,4.1,33
tr_r2_guide_7_conversation_e_2.txt,15.6,0,0,93.8,78.1,0,0,0,0,0,0,0,0,0,0,0,0,0,0,0,0,312.5,140.6,0,0,0,0,0,0,0,0,0,15.6,0,31.3,62.5,15.6,0,0,0,0,0,0,0,0,15.6,0,15.6,0,0,0,0,15.6,0,0,62.5,78.1,0,140.6,0,0,0,0,0,0,0,0,0,0,0,0,0,15.6,0,0,0,0,62.5,0,156.3,78.1,31.3,0,0,0,0,0,0,0,0,0,0,0,0,0,0,0,0,0,0,0,0,0,0,15.6,0,0,0,0,0,0,0,0,0,0,0,0,0,0,0,0,0,0,0,0,0,0,0,0,15.6,0,0,15.6,0,0,0,0,0,0,0,0,0,0,0,0,0,0,0,0,0,0,0,0,0,0,0,0,0,0,0,15.6,31.3,0,31.3,15.6,0,0,0,0,0,0,0,31.3,0,15.6,0,0,0,0,0,-14.12,-5.73,-10.68,-6.61,1.41,                          tr_r2_guide_7_conversation_e_2.txt,11.8,4.4,64
tr_r2_guide_7_conversation_e_4.txt,0,0,0,90.9,30.3,0,0,0,60.6,0,0,0,0,0,0,0,0,0,0,0,0,333.3,181.8,0,0,0,0,0,0,0,0,0,30.3,0,60.6,30.3,0,30.3,0,0,0,0,30.3,0,0,0,0,0,0,0,30.3,0,0,0,0,60.6,90.9,0,90.9,0,0,0,0,0,0,0,0,0,0,0,0,0,0,0,0,0,30.3,60.6,0,151.5,121.2,0,0,0,0,0,0,0,0,0,0,0,0,0,0,0,0,0,0,0,0,0,0,0,0,0,0,0,0,0,0,0,0,0,0,0,0,0,0,0,0,0,0,0,0,0,0,0,0,0,0,0,0,0,0,0,0,0,0,0,0,0,0,0,0,0,0,0,0,0,0,0,0,0,0,0,0,0,0,0,0,30.3,0,0,30.3,0,0,0,0,0,0,0,60.6,0,0,30.3,0,0,0,0,-18.68,-5.73,-16.47,0.61,15.31,                          tr_r2_guide_7_conversation_e_4.txt,6.8,4.2,33
tr_r2_guide_8_conversation_e_2.txt,0,0,0,166.7,0,0,0,0,47.6,0,0,0,0,0,0,0,0,0,0,0,0,285.7,95.2,47.6,0,0,0,0,0,0,0,0,0,23.8,0,23.8,23.8,47.6,0,0,0,0,0,0,0,0,0,23.8,23.8,0,47.6,0,0,0,0,95.2,47.6,23.8,190.5,0,0,23.8,0,0,0,0,0,0,0,0,0,0,0,0,0,0,23.8,23.8,0,190.5,71.4,23.8,0,0,0,0,0,0,0,0,0,0,0,0,0,0,0,0,0,0,0,0,0,23.8,0,0,0,0,0,0,0,0,0,0,0,0,0,0,0,0,0,0,0,0,0,0,0,0,0,23.8,0,0,23.8,0,0,0,0,0,0,0,0,0,0,0,0,0,0,0,0,0,0,0,0,0,0,0,0,0,0,0,0,0,0,23.8,23.8,0,0,0,0,0,0,23.8,23.8,23.8,23.8,47.6,0,0,0,0,-16.94,-5.73,-7.18,4.73,-3.63,                          tr_r2_guide_8_conversation_e_2.txt,9.3,4.2,42
tr_r2_guide_9_conversation_e_2.txt,0,0,0,81.1,27,0,0,0,27,0,0,0,0,0,0,0,0,0,0,0,0,567.6,108.1,0,0,0,0,0,0,0,0,0,108.1,0,27,0,0,27,0,0,0,0,0,0,0,0,0,0,0,27,27,0,0,0,0,27,54.1,0,81.1,0,0,0,0,0,0,0,0,0,0,0,0,0,0,0,0,0,0,0,0,162.2,216.2,108.1,0,0,0,0,0,0,0,0,0,0,0,0,0,0,0,0,0,0,0,0,0,0,0,0,0,0,0,0,0,0,0,0,0,0,0,0,0,0,0,0,0,0,0,0,0,0,0,0,0,0,0,0,0,0,0,0,0,0,0,0,0,0,0,0,0,0,0,0,0,0,0,0,0,0,0,0,0,0,0,0,0,27,0,0,0,0,0,0,0,0,0,27,0,0,0,0,0,0,-25.39,-5.73,0.53,-0.17,-3.63,                          tr_r2_guide_9_conversation_e_2.txt,8,4.7,37
tr_r3_guide_1_conversation_a_4.txt,0,0,0,120,0,0,40,0,0,80,0,0,0,0,0,0,0,0,0,0,0,240,160,80,0,0,0,0,0,0,0,0,0,0,0,0,40,0,0,0,0,0,0,0,0,0,0,0,0,0,0,0,0,0,0,80,0,0,160,0,0,0,0,0,0,0,0,0,0,0,0,0,0,0,0,0,80,40,0,240,0,80,0,0,0,0,0,0,0,0,0,0,0,0,0,0,0,0,0,0,0,0,0,0,0,0,0,0,0,0,0,0,0,0,0,0,0,0,0,0,0,0,0,0,0,0,0,0,0,0,0,0,0,0,0,0,0,0,0,0,0,0,0,0,0,0,0,0,0,0,0,0,0,0,0,0,0,0,0,0,0,0,0,0,40,0,0,0,0,0,0,40,40,0,0,0,0,0,0,0,-2.82,-5.73,0.97,-6.61,-3.63,                          tr_r3_guide_1_conversation_a_4.txt,5.8,4,25
tr_r3_guide_1_conversation_e_2.txt,26.3,26.3,0,131.6,26.3,0,26.3,0,52.6,0,0,0,0,26.3,0,0,0,0,0,0,0,263.2,131.6,105.3,0,0,0,0,0,0,0,0,52.6,26.3,0,52.6,0,0,0,26.3,0,0,26.3,0,0,0,0,0,0,0,0,26.3,0,0,0,105.3,78.9,26.3,131.6,0,26.3,0,0,0,0,0,0,0,0,0,0,26.3,0,0,0,0,26.3,0,0,157.9,0,26.3,0,0,0,0,0,0,0,0,0,0,0,0,0,0,0,0,0,0,0,0,0,0,26.3,0,0,0,0,0,0,0,0,0,0,0,0,0,0,0,0,0,0,0,0,0,0,0,0,26.3,0,0,26.3,0,0,0,0,0,0,0,0,0,0,0,0,0,0,0,0,0,0,0,0,0,0,0,0,26.3,0,0,26.3,26.3,0,0,0,0,0,0,0,0,0,26.3,0,0,52.6,0,0,0,0,0,6.94,-5.73,-5.88,5.36,12.82,                          tr_r3_guide_1_conversation_e_2.txt,8.3,4.6,38
tr_r3_guide_11_conversation_a_5.txt,0,0,0,113.6,90.9,0,0,0,22.7,22.7,0,0,0,0,0,0,0,22.7,0,0,0,272.7,90.9,68.2,0,0,0,0,0,0,0,0,22.7,22.7,22.7,0,0,22.7,0,0,0,0,0,0,0,0,22.7,0,0,0,45.5,22.7,0,0,0,90.9,113.6,0,113.6,0,22.7,0,0,0,0,0,0,0,0,0,0,22.7,0,0,0,0,45.5,68.2,0,159.1,0,22.7,0,0,0,0,0,0,0,0,0,0,0,0,0,0,0,0,0,0,0,0,0,0,0,0,0,0,0,0,0,0,0,0,0,0,0,0,0,0,0,0,0,0,0,0,0,0,0,0,0,0,0,0,0,0,0,0,0,0,0,0,0,0,0,0,0,0,0,0,0,0,0,0,0,0,0,0,0,0,22.7,22.7,0,22.7,90.9,0,0,0,0,0,0,22.7,90.9,0,0,0,0,22.7,0,0,-3.12,-5.73,-10.63,-1.19,-3.63,                         tr_r3_guide_11_conversation_a_5.txt,8.5,4,44
tr_r3_guide_13_conversation_a_3.txt,0,0,0,66.7,0,22.2,0,0,44.4,0,0,0,0,0,0,0,0,0,0,0,0,466.7,155.6,22.2,0,0,0,0,0,0,0,0,66.7,0,0,0,0,0,0,0,0,0,0,0,0,0,0,0,0,0,0,0,0,0,0,22.2,44.4,0,66.7,0,0,0,0,0,0,0,0,22.2,0,0,0,0,0,0,0,22.2,22.2,111.1,0,244.4,133.3,44.4,0,0,0,0,0,0,0,0,0,0,0,0,0,0,0,0,0,0,0,0,0,0,0,0,0,0,0,0,0,0,0,0,0,0,0,0,0,0,0,0,0,0,0,0,0,0,0,0,0,0,0,0,0,0,0,0,0,0,0,0,0,0,0,0,0,0,0,0,0,0,0,0,0,0,0,0,0,0,0,0,0,22.2,66.7,0,0,0,0,0,0,22.2,0,0,0,0,0,0,0,0,-21.14,-5.73,5.6,-6.61,-3.63,                         tr_r3_guide_13_conversation_a_3.txt,9.3,4.8,45
tr_r3_guide_15_conversation_e_2.txt,25,25,0,125,0,0,0,0,25,0,0,0,0,0,0,0,0,0,0,0,0,475,50,50,0,0,0,0,0,0,0,0,125,0,0,100,0,0,0,0,0,0,0,0,0,0,0,0,0,0,0,0,0,0,0,75,25,25,150,0,0,0,0,0,0,0,0,0,0,0,0,25,0,0,0,0,0,0,0,175,50,100,0,0,0,0,0,0,0,0,0,0,0,0,0,0,0,0,0,0,0,0,0,0,25,0,0,0,0,0,0,0,0,0,0,0,0,0,0,0,0,0,0,0,0,0,0,0,0,25,0,0,25,0,0,0,0,0,0,0,0,0,0,0,0,0,0,0,0,0,0,0,0,0,0,0,0,0,25,0,0,0,0,0,0,0,0,0,0,0,0,0,0,0,25,0,0,0,25,0,-15.65,-5.73,3.97,-6.61,-3.63,                         tr_r3_guide_15_conversation_e_2.txt,8.8,4.8,40
tr_r3_guide_16_conversation_a_1.txt,0,0,0,122,24.4,0,0,24.4,48.8,24.4,0,0,0,24.4,0,0,0,24.4,0,0,0,195.1,97.6,48.8,0,0,24.4,0,0,0,0,0,73.2,0,0,97.6,24.4,24.4,0,0,0,0,0,0,0,0,0,0,0,24.4,48.8,0,0,0,0,73.2,73.2,24.4,146.3,0,0,0,0,0,0,24.4,0,0,0,0,0,0,0,0,0,0,24.4,24.4,0,97.6,24.4,0,0,0,0,0,0,0,0,0,0,0,0,0,0,0,0,0,0,0,0,0,0,0,0,0,0,0,0,0,0,0,0,0,0,0,0,0,0,0,0,0,0,0,0,0,0,0,0,0,0,0,0,0,0,0,0,0,0,0,0,0,0,0,0,0,0,0,0,0,0,0,0,0,0,0,0,0,0,0,0,0,0,48.8,0,0,0,0,0,0,0,24.4,48.8,0,0,0,0,0,24.4,0,12.52,-1.04,0.51,-0.8,-3.63,                         tr_r3_guide_16_conversation_a_1.txt,9,5,41
tr_r3_guide_16_conversation_e_2.txt,0,0,0,41.7,20.8,0,0,0,0,0,0,0,0,0,0,0,0,0,0,0,0,458.3,145.8,62.5,0,0,0,0,0,0,0,0,41.7,0,0,0,0,0,0,0,0,0,0,0,0,0,0,0,0,0,0,0,0,0,0,62.5,20.8,0,62.5,20.8,0,0,0,0,0,0,0,0,0,0,0,0,0,0,0,0,41.7,104.2,0,333.3,62.5,83.3,0,0,0,0,0,0,0,0,0,0,0,0,0,0,0,0,0,0,0,0,0,0,0,0,0,0,0,0,0,0,0,0,0,0,0,0,0,0,0,0,0,0,0,0,0,0,0,0,0,0,0,0,0,0,0,0,0,0,0,0,0,0,0,0,0,0,0,0,0,0,0,0,0,0,0,0,0,0,20.8,62.5,20.8,62.5,0,0,0,0,0,0,0,0,0,0,0,0,0,0,0,0,-29.19,-5.73,3.87,-6.61,-3.63,                         tr_r3_guide_16_conversation_e_2.txt,8.8,4.5,48
tr_r3_guide_18_conversation_j_3.txt,0,0,0,133.3,66.7,33.3,0,0,33.3,0,0,0,0,0,0,0,0,66.7,0,0,0,333.3,66.7,33.3,0,0,0,0,0,0,0,0,33.3,0,0,33.3,0,0,0,0,0,0,0,0,0,0,0,0,0,0,66.7,0,0,0,0,33.3,100,33.3,133.3,0,33.3,0,0,0,0,33.3,0,0,0,0,0,0,0,33.3,0,0,0,66.7,0,266.7,33.3,100,0,0,0,0,0,0,0,0,0,0,0,0,0,0,0,0,0,0,0,0,0,0,0,0,0,0,0,0,0,0,0,0,0,0,0,0,0,0,0,0,0,0,0,0,0,0,0,0,0,0,0,0,0,0,0,0,0,0,0,0,0,0,0,0,0,0,0,0,0,0,0,0,0,0,0,0,0,0,0,0,0,33.3,0,0,0,0,0,0,0,0,0,0,0,0,0,0,0,0,15.92,-5.73,1.39,-6.61,-3.63,                         tr_r3_guide_18_conversation_j_3.txt,7.3,4.1,30
tr_r3_guide_19_conversation_e_3.txt,0,0,0,93.8,0,31.3,31.3,0,31.3,31.3,0,0,0,0,0,0,0,31.3,0,0,0,218.8,93.8,62.5,0,0,0,0,0,0,0,0,31.3,0,0,0,31.3,31.3,31.3,0,0,0,0,0,0,0,0,0,0,0,62.5,0,0,0,0,93.8,31.3,0,125,0,0,0,0,0,0,31.3,0,0,0,0,0,0,31.3,0,0,0,62.5,62.5,0,125,31.3,0,0,0,0,0,0,0,0,0,0,0,0,0,0,0,0,0,0,0,0,0,0,0,0,0,0,0,0,0,0,0,0,0,0,0,0,0,0,0,0,0,0,0,0,0,0,0,0,0,0,0,0,0,0,0,0,0,0,0,0,0,0,0,0,0,0,0,0,0,0,0,0,0,0,0,0,0,0,0,31.3,0,0,0,0,0,31.3,0,0,0,0,0,0,31.3,0,0,0,31.3,0,0,10.9,-5.73,3.14,10.92,-3.63,                         tr_r3_guide_19_conversation_e_3.txt,6.8,4,32
tr_r3_guide_2_conversation_a_1.txt,0,0,0,142.9,0,0,0,0,0,47.6,0,0,0,23.8,0,0,0,0,0,0,0,309.5,119,47.6,0,0,0,0,0,0,0,0,23.8,0,0,47.6,23.8,23.8,0,0,0,0,47.6,0,0,0,0,0,0,23.8,23.8,0,0,0,0,71.4,0,23.8,142.9,0,0,0,0,0,0,0,0,0,0,0,0,0,0,0,0,0,23.8,23.8,0,214.3,47.6,47.6,0,0,0,0,0,0,0,0,0,0,0,0,0,0,0,0,0,0,0,0,0,0,0,0,0,0,0,0,0,0,0,0,0,0,0,0,0,0,0,0,0,0,0,0,0,0,0,0,0,0,0,0,0,0,0,0,0,0,0,0,0,0,0,0,0,0,0,0,0,0,0,0,0,0,0,0,0,0,23.8,23.8,0,0,47.6,0,0,0,23.8,0,0,0,23.8,0,0,0,0,0,0,0,-3.64,-5.73,-0.08,-0.94,26.14,                          tr_r3_guide_2_conversation_a_1.txt,9,4.7,42
tr_r3_guide_21_conversation_a_2.txt,0,0,0,160,40,0,0,0,40,0,0,0,0,0,0,0,0,0,0,0,0,240,120,40,0,0,0,0,0,0,0,0,40,0,0,0,0,80,0,0,0,0,0,0,0,40,0,0,0,0,80,0,40,0,0,40,80,40,200,40,0,0,0,0,0,40,0,0,0,0,0,0,0,0,0,0,80,0,0,160,0,0,0,0,0,0,0,0,0,0,0,0,0,0,0,0,0,0,0,0,0,0,0,0,0,0,0,0,0,0,0,0,0,0,0,0,0,0,0,0,0,0,0,0,0,0,0,0,0,0,0,0,0,0,0,0,0,0,0,0,0,0,0,0,0,0,0,0,0,0,0,0,0,0,0,0,40,0,0,0,0,0,0,120,40,0,0,0,0,0,40,0,40,0,0,0,0,0,0,0,-12.32,-5.73,3.75,12.44,9.28,                         tr_r3_guide_21_conversation_a_2.txt,5.5,3.6,25
tr_r3_guide_21_conversation_e_3.txt,34.5,0,34.5,172.4,0,0,0,0,69,0,0,0,0,0,0,0,0,0,0,0,0,310.3,69,69,0,0,0,34.5,0,0,0,34.5,0,0,0,0,69,69,0,0,0,0,0,0,0,0,0,0,0,0,69,34.5,0,0,0,69,69,34.5,241.4,0,0,0,0,0,0,34.5,0,34.5,0,0,0,0,0,0,0,0,0,0,0,103.4,103.4,0,0,0,0,0,0,0,0,0,0,0,0,0,0,0,0,0,0,0,0,0,0,0,0,0,0,0,0,0,0,0,0,0,0,0,0,0,0,0,0,0,0,0,0,0,0,0,0,0,0,0,0,0,0,0,0,0,0,0,0,0,0,0,0,0,0,0,0,0,0,0,0,0,0,0,0,0,0,0,0,34.5,0,0,0,0,0,0,0,0,0,0,103.4,34.5,34.5,0,0,0,0,0,-10.81,0.66,13.75,9.82,-3.63,                         tr_r3_guide_21_conversation_e_3.txt,5.8,3.9,29
tr_r3_guide_22_conversation_e_3.txt,0,0,0,125,41.7,0,0,0,0,0,0,0,0,0,0,0,0,41.7,0,0,0,375,125,0,0,41.7,0,0,0,0,0,0,41.7,0,0,41.7,0,0,0,0,0,0,0,0,0,0,0,0,0,0,41.7,0,0,0,0,0,83.3,0,125,0,0,0,0,0,0,0,0,0,0,0,0,0,0,0,0,0,0,0,0,125,125,41.7,0,0,0,0,0,0,0,0,0,0,0,0,0,0,0,0,0,0,0,0,0,0,0,0,0,0,0,0,0,0,0,0,0,0,0,0,0,0,0,0,0,0,0,0,0,0,0,0,0,0,0,0,0,0,0,0,0,0,0,0,0,0,0,0,0,0,0,0,0,0,0,0,0,0,0,0,0,0,0,0,0,0,0,0,0,0,0,0,0,0,41.7,0,0,0,0,0,0,0,-8.21,-3.88,1.5,-6.61,-3.63,                         tr_r3_guide_22_conversation_e_3.txt,6,5,24
tr_r3_guide_24_conversation_a_2.txt,0,0,46.5,93,23.3,0,0,0,0,23.3,0,0,0,0,0,0,0,0,0,0,0,325.6,116.3,46.5,0,0,0,0,0,0,0,0,23.3,0,46.5,0,23.3,0,0,0,0,0,0,0,0,0,0,0,23.3,0,0,0,0,0,0,93,23.3,23.3,139.5,23.3,0,0,0,0,0,0,0,0,0,0,0,0,0,23.3,0,0,0,162.8,0,209.3,69.8,23.3,0,0,0,0,0,0,0,0,0,0,0,0,0,0,0,0,0,0,0,0,0,0,0,0,0,0,0,0,0,0,0,0,0,0,0,0,0,0,0,0,0,0,0,0,0,0,0,0,0,0,0,0,0,0,0,0,0,0,0,0,0,0,0,0,0,0,0,0,0,0,0,0,0,0,0,0,0,0,23.3,0,0,0,0,0,0,0,0,0,0,0,23.3,0,0,0,0,0,0,0,-15.79,-5.73,-11.09,-6.61,-3.63,                         tr_r3_guide_24_conversation_a_2.txt,8.8,4.4,43
tr_r3_guide_24_conversation_a_3.txt,0,0,45.5,151.5,151.5,0,0,0,0,15.2,0,0,0,0,0,15.2,0,0,0,0,0,181.8,75.8,30.3,0,0,0,0,0,0,0,0,15.2,0,0,45.5,30.3,75.8,0,15.2,0,15.2,0,0,0,15.2,0,0,0,0,75.8,15.2,15.2,0,0,30.3,151.5,15.2,181.8,0,0,0,0,0,0,0,0,0,0,0,0,15.2,0,0,0,0,45.5,30.3,0,151.5,0,0,0,0,0,0,0,0,0,0,0,0,0,0,0,0,0,0,0,0,0,0,0,0,0,0,0,0,0,0,0,0,0,0,0,30.3,0,0,0,0,0,0,0,0,0,0,15.2,0,0,0,0,0,0,30.3,0,30.3,15.2,0,0,0,0,0,0,0,0,0,0,0,0,0,0,0,0,0,0,0,0,0,0,0,0,15.2,15.2,30.3,15.2,0,0,0,0,0,15.2,0,30.3,0,30.3,0,0,0,0,0,7.08,-5.73,-0.56,24.38,1.26,                         tr_r3_guide_24_conversation_a_3.txt,12.5,4.1,66
tr_r3_guide_3_conversation_a_3.txt,0,0,0,106.4,85.1,0,0,0,21.3,21.3,0,0,0,21.3,0,0,0,0,21.3,0,0,319.1,85.1,21.3,21.3,0,0,0,0,0,0,0,42.6,0,0,0,0,21.3,0,21.3,0,0,0,0,0,0,0,21.3,0,0,21.3,42.6,0,0,0,42.6,106.4,0,127.7,0,21.3,0,0,0,0,21.3,0,0,21.3,0,0,42.6,0,21.3,0,0,63.8,63.8,0,255.3,0,106.4,0,0,0,0,0,0,0,0,0,0,0,0,0,0,0,0,0,0,0,0,0,0,0,0,0,0,0,0,0,0,0,0,0,0,0,0,0,0,0,0,0,0,0,0,0,0,0,0,0,0,0,0,0,0,0,0,0,0,0,0,0,0,0,0,0,0,0,0,0,0,0,0,0,0,0,21.3,0,21.3,21.3,21.3,0,21.3,21.3,0,0,0,0,0,0,0,0,21.3,0,0,0,21.3,0,0,6.36,-5.03,3.93,8.13,-3.63,                          tr_r3_guide_3_conversation_a_3.txt,8.5,3.9,47
tr_r3_guide_3_conversation_e_2.txt,0,0,0,95.2,47.6,0,0,0,47.6,0,0,0,0,0,0,0,0,0,0,0,0,381,142.9,47.6,0,0,0,0,0,0,0,0,47.6,0,0,47.6,0,0,0,0,0,0,0,0,0,0,0,0,0,0,0,0,0,0,0,47.6,95.2,95.2,95.2,0,0,0,0,0,0,0,0,0,0,0,0,0,0,0,0,0,0,95.2,0,47.6,190.5,0,0,0,0,0,0,0,0,0,0,0,0,0,0,0,0,0,0,0,0,0,0,0,0,0,0,0,0,0,0,0,0,0,0,0,0,0,0,0,0,0,0,0,0,0,0,0,0,0,0,0,0,0,0,0,0,0,0,0,0,0,0,0,0,0,0,0,0,0,0,0,0,0,0,0,0,0,0,0,0,0,0,0,0,0,0,0,0,0,0,47.6,0,0,0,0,0,0,0,0,-21.55,-5.73,1.57,-6.61,-3.63,                          tr_r3_guide_3_conversation_e_2.txt,4.5,4.8,21
tr_r3_guide_3_conversation_j_2.txt,0,0,58.8,88.2,88.2,0,0,0,29.4,0,0,0,0,0,0,0,0,0,0,0,0,235.3,88.2,29.4,0,0,0,29.4,0,0,0,0,29.4,0,0,29.4,88.2,29.4,0,0,0,0,0,0,0,0,0,0,0,0,29.4,0,0,0,0,29.4,117.6,0,205.9,58.8,0,0,0,0,0,29.4,0,0,0,0,0,0,0,0,0,0,29.4,0,0,147.1,58.8,0,0,0,0,0,0,0,0,0,0,0,0,0,0,0,0,0,0,0,0,0,0,0,0,0,0,0,0,0,0,0,0,0,0,29.4,29.4,0,0,0,0,0,0,29.4,0,0,0,0,0,0,0,0,0,58.8,0,88.2,0,0,0,0,0,0,0,0,0,0,0,0,0,0,0,0,0,0,0,0,0,0,0,0,0,0,0,58.8,0,0,0,0,0,0,0,0,147.1,0,29.4,0,0,0,0,0,-7.33,-0.28,1.35,0.4,-3.63,                          tr_r3_guide_3_conversation_j_2.txt,6.8,4.1,34
tr_r3_guide_5_conversation_e_4.txt,0,0,0,109.1,18.2,0,0,0,72.7,0,0,0,0,0,0,0,0,0,0,0,0,381.8,109.1,54.5,0,0,0,0,0,0,0,0,36.4,0,18.2,0,0,36.4,0,0,0,0,0,0,0,0,0,0,0,18.2,36.4,0,0,0,0,90.9,90.9,36.4,109.1,0,0,0,0,0,0,0,0,0,0,0,0,0,0,0,0,0,18.2,18.2,0,272.7,36.4,90.9,0,0,0,0,0,0,0,0,0,0,0,0,0,0,0,0,0,0,0,0,0,0,0,0,0,0,0,0,0,0,0,0,0,0,0,0,0,0,0,0,0,0,0,0,0,0,0,0,0,0,0,0,0,0,0,0,0,0,0,0,0,0,0,0,0,0,0,0,0,0,0,0,0,0,0,0,0,0,0,18.2,0,0,0,0,0,0,0,0,0,18.2,36.4,0,18.2,0,0,0,0,0,-20.86,-5.73,-1.85,2.05,-3.63,                          tr_r3_guide_5_conversation_e_4.txt,11.3,4.6,55
tr_r3_guide_5_conversation_e_5.txt,0,0,0,115.4,38.5,0,0,0,38.5,0,0,0,0,0,0,0,0,0,0,0,0,384.6,38.5,76.9,0,0,0,0,0,0,0,0,76.9,0,0,0,0,76.9,0,0,0,0,0,0,0,0,0,0,0,38.5,76.9,0,0,0,0,115.4,76.9,0,115.4,0,0,0,0,0,0,0,0,0,0,0,0,0,0,0,0,0,0,0,0,230.8,38.5,115.4,0,0,0,0,0,0,0,0,0,0,0,0,0,0,0,0,0,0,0,0,0,0,0,0,0,0,0,0,0,0,0,0,0,0,0,0,0,0,0,0,0,0,0,0,0,0,0,0,0,0,0,0,0,0,0,0,0,0,0,0,0,0,0,0,0,0,0,0,0,0,0,0,0,0,0,0,0,0,0,0,0,0,0,0,0,0,0,0,0,38.5,38.5,0,38.5,0,0,0,0,0,-20.58,-5.73,6.32,11.71,-3.63,                          tr_r3_guide_5_conversation_e_5.txt,6,5.2,26
tr_r3_guide_5_conversation_e_6.txt,25.6,0,0,128.2,51.3,0,0,0,51.3,0,0,0,0,0,0,0,0,0,0,0,0,256.4,128.2,25.6,0,0,0,0,0,0,0,0,51.3,0,0,25.6,25.6,25.6,0,0,0,0,0,0,25.6,0,0,0,0,0,25.6,0,25.6,0,0,102.6,102.6,25.6,179.5,25.6,0,0,0,0,0,0,0,25.6,0,0,0,0,51.3,25.6,0,0,25.6,25.6,0,128.2,51.3,25.6,0,0,0,0,0,0,0,0,0,0,0,0,0,0,0,0,0,0,0,0,0,0,0,0,0,0,0,0,0,0,0,25.6,0,0,0,0,0,0,0,0,0,0,0,0,0,0,0,0,0,0,0,25.6,0,25.6,0,0,0,0,0,0,0,0,0,0,0,0,0,0,0,0,0,0,0,0,0,0,0,25.6,0,0,0,25.6,0,0,0,0,0,0,0,0,51.3,25.6,0,0,0,0,0,0,-12.44,-5.73,3.08,-0.5,16.1,                          tr_r3_guide_5_conversation_e_6.txt,9.5,4.8,39
tr_r3_guide_6_conversation_a_2.txt,0,0,0,125,35.7,0,17.9,0,0,0,17.9,0,0,0,0,0,0,0,0,0,0,267.9,107.1,35.7,0,0,0,0,0,0,0,0,0,0,0,35.7,17.9,35.7,0,0,0,0,0,0,0,0,17.9,0,0,0,35.7,17.9,0,0,0,71.4,35.7,0,160.7,0,0,0,0,0,0,17.9,0,0,0,0,0,17.9,0,0,0,0,35.7,53.6,0,142.9,53.6,0,0,0,0,0,0,0,0,0,0,0,0,0,0,0,0,0,0,0,0,0,0,0,0,0,0,0,0,0,0,0,0,0,0,0,0,0,0,0,0,0,0,0,0,0,0,0,0,0,0,0,0,0,0,0,0,0,0,0,0,0,0,0,0,0,0,0,0,0,0,0,0,0,0,0,0,0,0,0,17.9,0,0,35.7,35.7,17.9,0,0,0,0,0,0,53.6,0,0,0,0,0,0,0,-11.02,-5.73,-1.06,1.9,-3.63,                          tr_r3_guide_6_conversation_a_2.txt,10.8,4.2,56
tr_r3_guide_7_conversation_e_7.txt,0,0,0,96.8,0,0,0,0,64.5,0,32.3,0,0,0,0,0,0,0,0,0,0,258.1,64.5,96.8,0,0,0,0,0,0,0,0,64.5,0,0,32.3,32.3,64.5,0,0,0,0,0,0,0,0,0,0,0,0,64.5,0,0,0,0,96.8,64.5,32.3,129,0,0,0,0,0,0,0,0,0,32.3,0,0,0,0,0,0,0,0,96.8,0,129,32.3,0,0,0,0,0,0,0,0,0,0,0,0,0,0,0,0,0,0,0,0,0,0,0,0,0,0,0,0,0,0,0,0,0,0,0,0,0,0,0,0,0,0,0,0,0,0,0,0,0,0,0,0,0,0,0,0,0,0,0,0,0,0,0,0,0,0,0,0,0,0,0,0,0,0,0,0,0,0,0,0,0,0,32.3,32.3,0,0,0,0,0,0,32.3,64.5,0,0,0,0,0,0,0,-14.81,-5.73,3.62,8.76,-3.63,                          tr_r3_guide_7_conversation_e_7.txt,6.5,3.9,31
tr_r3_guide_8_conversation_a_2.txt,0,0,0,156.9,58.8,0,0,0,0,19.6,0,0,0,39.2,0,0,0,19.6,0,0,0,294.1,98,39.2,0,0,0,0,0,0,0,0,58.8,0,0,39.2,19.6,39.2,0,0,0,0,0,0,0,0,0,0,0,0,58.8,0,0,0,0,58.8,58.8,19.6,196.1,0,0,0,0,0,0,0,0,0,0,0,0,0,0,0,0,0,58.8,39.2,0,156.9,78.4,19.6,0,0,0,0,0,0,0,0,0,0,0,0,0,0,0,0,0,0,0,0,0,0,0,0,0,0,0,0,0,0,0,0,0,19.6,0,0,0,0,0,0,0,0,0,0,0,0,0,0,0,0,0,19.6,0,19.6,0,0,0,0,0,0,0,0,0,0,0,0,0,0,0,19.6,0,0,0,0,0,0,19.6,0,19.6,19.6,0,19.6,0,0,0,0,0,0,0,0,78.4,0,39.2,0,0,0,0,0,11.97,-5.73,2.83,2.73,-3.63,                          tr_r3_guide_8_conversation_a_2.txt,10,4.8,51
tr_r3_guide_8_conversation_e_4.txt,62.5,0,0,187.5,62.5,0,0,0,62.5,0,0,0,0,0,0,0,0,62.5,0,0,0,375,125,0,0,0,0,0,0,0,0,0,125,0,0,0,0,0,0,0,0,0,0,0,0,0,0,0,0,0,62.5,0,0,0,0,0,125,0,125,0,0,0,0,0,0,62.5,0,62.5,0,0,0,0,0,0,0,0,0,62.5,0,187.5,0,125,0,0,0,0,0,0,0,0,0,0,0,0,0,0,0,0,0,0,0,0,0,0,0,0,0,0,0,0,0,0,0,0,0,0,0,0,0,0,0,0,0,0,0,0,0,0,0,0,0,0,0,0,0,0,0,0,0,0,0,0,0,0,0,0,0,0,0,0,0,0,0,0,0,0,0,0,0,0,62.5,0,0,0,0,0,0,0,0,0,0,0,62.5,0,62.5,0,0,0,0,0,9.42,-5.73,9.65,-6.61,-3.63,                          tr_r3_guide_8_conversation_e_4.txt,3.8,5.1,16
tr_r3_guide_i23_conversation_e_5.txt,0,0,0,130.4,43.5,0,0,0,0,43.5,0,0,0,0,0,0,0,43.5,0,0,0,217.4,43.5,43.5,0,0,0,0,0,0,0,0,43.5,0,0,130.4,0,43.5,0,0,0,0,0,0,0,0,0,0,0,0,87,0,0,0,0,217.4,43.5,0,130.4,0,0,0,0,0,0,0,0,0,0,0,0,0,87,0,0,0,43.5,0,0,87,43.5,0,0,0,0,0,0,0,0,0,0,0,0,0,0,0,0,0,0,0,0,0,0,0,0,0,0,0,0,0,0,0,0,0,0,0,0,0,0,0,0,0,0,0,0,0,0,43.5,0,0,0,0,0,0,0,0,43.5,0,0,0,0,0,0,0,0,0,0,0,0,0,0,0,0,0,0,0,0,0,0,0,0,0,0,0,0,0,0,0,0,0,0,0,43.5,0,0,0,0,0,0,0,5.45,-5.73,-3.42,3.75,-3.63,                        tr_r3_guide_i23_conversation_e_5.txt,5.8,4.5,23
tr_r3_guide_i26_conversation_a_2.txt,23.3,0,0,139.5,46.5,0,0,0,23.3,0,0,0,0,23.3,0,0,0,0,0,0,0,186,116.3,69.8,0,0,23.3,0,0,0,0,0,0,0,23.3,69.8,23.3,23.3,0,0,0,0,0,0,0,0,0,0,0,0,23.3,0,0,0,0,93,69.8,46.5,162.8,0,23.3,0,0,0,0,0,0,0,0,0,0,46.5,0,0,0,0,23.3,46.5,0,139.5,23.3,23.3,0,0,0,0,0,0,0,0,0,0,0,0,0,0,0,0,0,0,0,0,0,0,0,0,0,0,0,0,0,0,0,0,0,0,23.3,0,0,0,0,0,0,0,0,0,0,0,0,0,0,0,0,23.3,0,23.3,0,0,0,0,0,0,0,0,0,0,0,0,0,0,0,23.3,0,0,0,0,0,0,0,0,0,0,0,0,0,0,0,0,0,23.3,0,0,23.3,0,23.3,0,0,0,23.3,0,-1.09,-1.26,-9.83,-1.07,-3.63,                        tr_r3_guide_i26_conversation_a_2.txt,9.5,4.4,43
tr_r3_guide_i26_conversation_a_4.txt,0,0,0,76.9,0,0,51.3,0,25.6,0,0,0,0,0,0,0,0,0,0,0,0,256.4,102.6,0,25.6,0,25.6,0,0,0,0,0,0,25.6,25.6,76.9,0,0,0,0,0,0,0,0,0,0,0,0,0,0,0,0,0,0,0,76.9,25.6,0,76.9,0,0,0,0,0,0,0,0,0,0,0,0,0,0,0,0,0,25.6,51.3,0,153.8,51.3,0,0,0,0,0,0,0,0,0,0,0,0,0,0,0,0,0,0,0,0,0,0,0,0,0,0,0,0,0,0,0,0,0,0,0,0,0,0,0,0,0,0,0,0,0,0,0,0,0,0,0,0,0,0,0,0,0,0,0,0,0,0,0,0,0,0,0,0,0,0,0,0,0,0,0,0,25.6,0,0,0,0,0,25.6,0,0,0,0,0,0,0,0,25.6,0,0,0,0,25.6,0,0,-7.08,0.05,-18.26,-6.61,-3.63,                        tr_r3_guide_i26_conversation_a_4.txt,8.8,4.4,39
tr_r3_guide_i28_conversation_a_2.txt,40,0,0,120,0,0,0,0,40,40,0,0,0,0,0,0,0,0,0,0,0,400,80,40,0,0,0,0,0,0,0,0,80,0,0,0,0,0,0,0,0,0,0,0,0,0,0,0,0,0,0,0,0,0,0,80,40,40,120,0,0,0,0,0,0,0,0,40,0,0,0,0,0,0,0,0,0,80,0,160,120,0,0,0,0,0,0,0,0,0,0,0,0,0,0,0,0,0,0,0,0,0,0,0,0,0,0,0,0,0,0,0,0,0,0,0,0,0,0,0,0,0,0,0,0,0,0,0,0,0,0,0,0,0,0,0,0,0,0,0,0,0,0,0,0,0,0,0,0,0,0,0,0,0,0,0,0,40,0,0,0,0,0,0,40,0,0,0,0,0,0,0,0,0,40,0,0,0,0,0,-12.62,-5.73,6.53,-6.61,-3.63,                        tr_r3_guide_i28_conversation_a_2.txt,6,4.8,25
tr_r3_guide_i32_conversation_a_1.txt,19.2,19.2,0,153.8,57.7,0,0,0,0,0,0,0,0,19.2,0,0,0,19.2,0,0,0,269.2,115.4,38.5,0,0,0,0,0,0,0,0,19.2,0,0,19.2,19.2,38.5,19.2,0,0,0,0,0,0,0,0,0,0,0,57.7,0,0,0,0,57.7,57.7,0,173.1,0,38.5,0,0,0,0,0,0,19.2,0,0,0,19.2,0,0,0,0,38.5,76.9,0,250,0,57.7,0,0,0,0,0,0,0,0,0,0,0,0,0,0,0,0,0,0,0,0,0,0,0,0,0,0,0,0,0,0,0,0,0,19.2,0,0,0,0,0,0,0,0,0,0,0,0,0,0,0,0,0,19.2,0,19.2,0,0,0,0,0,0,0,0,0,0,0,0,0,0,0,0,0,0,0,0,0,0,0,0,0,0,38.5,38.5,19.2,19.2,0,0,0,0,0,0,38.5,0,38.5,0,19.2,0,0,0,6.77,-5.73,1.22,8.76,-3.63,                        tr_r3_guide_i32_conversation_a_1.txt,9.8,4.3,52
tr_r3_guide_i32_conversation_e_2.txt,0,0,0,148.1,37,0,37,0,111.1,0,0,0,0,0,0,0,0,0,0,0,0,222.2,37,0,37,0,0,0,0,0,0,0,0,0,0,74.1,0,74.1,0,0,0,0,0,0,0,0,0,0,0,0,74.1,0,0,0,0,111.1,148.1,37,222.2,37,37,0,0,0,0,0,0,0,37,0,0,0,0,37,0,0,37,0,0,185.2,0,0,0,0,0,0,0,0,0,0,0,0,0,0,0,0,0,0,0,0,0,0,0,0,0,0,0,0,0,0,0,0,0,0,0,0,0,0,0,0,0,0,0,0,0,0,0,0,0,0,0,0,0,0,0,0,0,0,0,0,0,0,0,0,0,0,0,0,0,0,0,0,0,0,0,0,0,0,0,37,0,0,0,37,0,0,0,0,0,0,0,0,111.1,0,0,0,0,0,0,0,1.72,-4.51,-3.24,11.03,-3.63,                        tr_r3_guide_i32_conversation_e_2.txt,6.3,4.3,27
tr_r3_guide_i33_conversation_a_1.txt,0,0,0,102,40.8,0,0,0,40.8,0,0,0,0,0,0,0,0,0,20.4,0,0,346.9,163.3,40.8,0,0,0,0,0,0,0,0,20.4,0,20.4,0,0,0,0,0,0,0,0,0,0,0,0,0,0,0,0,20.4,0,0,0,40.8,81.6,40.8,102,0,20.4,0,0,0,0,0,0,0,0,0,0,0,0,20.4,40.8,0,0,122.4,0,244.9,61.2,20.4,0,0,0,0,0,0,0,0,0,0,0,0,0,0,0,0,0,0,0,0,0,0,0,0,0,0,0,0,0,0,0,0,0,0,0,0,0,0,0,0,0,0,0,0,0,0,0,0,0,0,0,0,0,0,0,0,0,0,0,0,0,0,0,0,0,0,0,0,0,0,0,0,0,0,0,0,0,0,40.8,0,0,0,40.8,0,0,0,0,0,0,0,20.4,0,0,0,0,0,0,0,-16.13,-5.73,-3.61,-6.61,-3.63,                        tr_r3_guide_i33_conversation_a_1.txt,8.8,4.3,49
tr_r3_guide_i34_conversation_j_2.txt,0,0,0,142.9,0,0,0,0,0,0,0,0,0,0,0,0,0,0,0,0,0,500,107.1,0,0,0,0,0,0,0,0,0,0,0,0,0,0,0,0,0,0,0,0,0,0,0,0,0,0,0,0,0,0,0,0,0,0,0,107.1,0,0,0,0,0,0,0,0,0,0,0,0,0,0,0,0,0,0,107.1,0,392.9,35.7,107.1,0,0,0,0,0,0,0,0,0,0,0,0,0,0,0,0,0,0,0,0,0,0,0,0,0,0,0,0,0,0,0,0,0,0,0,0,0,0,0,0,0,0,0,0,0,0,0,0,0,0,0,0,0,0,0,0,0,0,0,0,0,0,0,0,0,0,0,0,0,0,0,0,0,0,0,0,0,0,0,0,0,0,71.4,0,0,0,0,0,0,0,0,0,0,71.4,0,0,0,0,-23.44,-5.73,0.97,-6.61,-3.63,                        tr_r3_guide_i34_conversation_j_2.txt,5,4.3,28
tr_r3_guide_i35_conversation_e_3.txt,0,0,0,90.9,0,45.5,0,0,0,0,0,0,0,0,0,0,0,0,0,0,0,363.6,181.8,0,0,45.5,45.5,0,0,0,0,0,0,0,45.5,0,0,0,0,0,0,0,0,0,0,0,45.5,0,0,0,0,45.5,0,0,0,0,45.5,0,136.4,0,0,0,0,0,0,0,45.5,0,0,0,0,0,0,0,0,0,0,45.5,0,136.4,90.9,0,0,0,0,0,0,0,0,0,0,0,0,0,0,0,0,0,0,0,0,0,0,0,0,0,0,0,0,0,0,0,0,0,0,0,0,0,0,0,0,0,0,0,0,0,0,0,0,0,0,0,0,0,0,0,0,0,0,0,0,0,0,0,0,0,0,0,0,0,0,0,0,0,0,0,0,0,0,0,0,0,0,0,0,0,0,0,0,0,0,0,45.5,0,0,0,0,0,0,0,-10.57,5.03,-12.4,-6.61,-3.63,                        tr_r3_guide_i35_conversation_e_3.txt,5.5,4,22
tr_r3_guide_i36_conversation_a_6.txt,24.4,0,24.4,122,0,0,0,0,24.4,48.8,0,0,0,0,0,0,0,0,0,0,0,292.7,97.6,48.8,24.4,0,24.4,0,0,0,24.4,0,122,0,0,0,24.4,24.4,24.4,0,0,0,0,0,0,0,48.8,0,0,0,24.4,48.8,0,0,24.4,48.8,24.4,0,219.5,73.2,0,0,0,0,0,24.4,0,24.4,0,0,0,0,0,0,0,0,48.8,48.8,0,97.6,24.4,24.4,0,0,0,0,0,0,0,0,0,0,0,0,0,0,0,0,0,0,0,0,0,0,0,0,0,0,0,0,0,0,0,0,0,0,0,0,0,0,0,0,0,0,0,0,0,0,0,0,0,0,0,0,0,0,0,0,0,0,0,0,0,0,0,0,0,0,0,0,0,0,0,0,0,0,0,0,0,0,0,0,0,24.4,24.4,0,0,24.4,0,0,0,0,48.8,24.4,24.4,0,24.4,24.4,0,0,-9.58,-0.23,31.62,7.07,-3.63,                        tr_r3_guide_i36_conversation_a_6.txt,8.5,4.5,41
tr_r3_guide_i36_conversation_e_4.txt,0,0,0,138.9,55.6,0,55.6,27.8,27.8,0,0,0,0,0,0,0,0,0,0,0,0,277.8,111.1,0,0,0,0,0,0,0,0,0,0,0,27.8,27.8,0,27.8,0,0,0,0,0,0,0,0,0,0,0,0,27.8,0,0,0,0,0,83.3,55.6,194.4,27.8,0,0,0,0,0,0,0,0,0,0,0,0,0,0,0,0,55.6,55.6,0,222.2,27.8,27.8,0,0,0,0,0,0,0,0,0,0,0,0,0,0,0,0,0,0,0,0,0,0,0,0,0,0,0,0,0,0,0,0,0,0,0,0,0,0,0,0,0,0,0,0,0,0,0,0,0,0,0,0,0,0,0,0,0,0,0,0,0,0,0,0,0,0,0,0,0,0,0,0,0,0,0,0,0,0,27.8,55.6,0,55.6,27.8,0,0,0,0,0,0,0,27.8,0,0,0,0,0,0,0,6.78,-5.73,-8.77,0.01,-3.63,                        tr_r3_guide_i36_conversation_e_4.txt,7.5,3.9,36
tr_r3_guide_i36_conversation_j_1.txt,0,0,46.2,76.9,15.4,15.4,0,0,46.2,15.4,0,0,0,0,0,0,0,0,15.4,0,0,369.2,76.9,30.8,0,0,0,0,0,0,0,0,46.2,30.8,0,46.2,46.2,30.8,0,0,0,0,0,0,0,0,0,0,0,0,30.8,15.4,0,0,0,46.2,61.5,15.4,123.1,15.4,0,0,0,0,0,0,0,0,0,0,0,15.4,0,0,0,0,0,76.9,0,200,92.3,61.5,0,0,0,0,0,0,0,0,0,0,0,0,0,0,0,0,0,0,0,0,0,0,0,0,0,0,0,0,0,0,0,0,0,0,0,0,0,0,0,0,0,0,0,0,0,0,0,0,0,0,0,0,0,0,0,0,0,0,0,0,0,0,0,0,0,0,0,0,0,0,0,0,0,0,0,0,0,0,0,0,0,15.4,0,0,15.4,0,0,0,0,0,61.5,0,0,0,0,0,0,0,-8.08,-5.73,-7.23,0.72,-3.63,                        tr_r3_guide_i36_conversation_j_1.txt,12.3,4.7,65
tr_r3_guide_i40_conversation_e_3.txt,0,0,0,179.5,25.6,0,0,0,51.3,0,0,0,0,0,0,0,0,25.6,0,0,0,230.8,76.9,51.3,0,0,0,0,0,0,0,0,25.6,0,51.3,0,0,0,0,0,0,0,0,0,0,0,0,0,0,0,25.6,0,0,0,0,76.9,76.9,25.6,179.5,0,0,0,0,0,0,0,0,0,0,0,0,51.3,0,0,0,25.6,25.6,0,0,153.8,51.3,25.6,0,0,0,0,0,0,0,0,0,0,0,0,0,0,0,0,0,0,0,0,0,0,0,0,0,0,0,0,0,0,0,0,0,0,0,0,0,0,0,0,0,0,0,0,0,0,0,0,0,0,0,0,0,0,0,0,0,0,0,0,0,0,0,0,0,0,0,0,0,0,0,0,0,0,0,0,0,0,25.6,0,0,0,0,0,0,0,25.6,25.6,0,0,25.6,0,0,0,0,0,0,0,-5.28,-5.73,-12.33,-6.61,-3.63,                        tr_r3_guide_i40_conversation_e_3.txt,8.5,4.3,39
